,Color_PCA_KNN,Color_PCA_RandomForest,Color_PCA_SVM,Color_noPCA_KNN,Color_noPCA_RandomForest,Color_noPCA_SVM,HOG_PCA_KNN,HOG_PCA_RandomForest,HOG_PCA_SVM,HOG_noPCA_KNN,HOG_noPCA_RandomForest,HOG_noPCA_SVM,SIFT_PCA_KNN,SIFT_PCA_RandomForest,SIFT_PCA_SVM,SIFT_noPCA_KNN,SIFT_noPCA_RandomForest,SIFT_noPCA_SVM
abomasnow,1.0,1.0,0.75,0.625,1.0,0.75,1.0,1.0,1.0,1.0,1.0,1.0,0.875,1.0,1.0,0.875,1.0,1.0
abra,0.5,0.5,0.0,0.5,0.625,0.0,0.625,0.875,1.0,0.625,1.0,1.0,0.375,0.625,0.0,0.375,0.625,0.0
absol,0.625,0.75,0.125,0.625,0.875,0.0,0.875,1.0,1.0,0.875,1.0,1.0,1.0,0.625,0.625,1.0,0.75,0.0
accelgor,0.75,0.75,0.0,0.75,1.0,0.0,0.25,1.0,1.0,0.25,1.0,1.0,0.0,0.25,0.0,0.0,0.25,0.0
aegislash-shield,0.6666666666666666,0.3333333333333333,0.0,0.6666666666666666,0.6666666666666666,0.0,0.0,1.0,0.6666666666666666,0.3333333333333333,1.0,0.6666666666666666,0.3333333333333333,0.0,0.0,0.3333333333333333,0.0,0.0
aerodactyl,0.125,0.375,0.0,0.25,0.375,0.0,0.125,0.5,0.375,0.0,0.5,0.375,0.5,0.375,0.0,0.5,0.5,0.0
aggron,0.875,0.75,0.5,0.625,0.75,0.25,1.0,1.0,1.0,1.0,0.75,1.0,0.625,0.625,0.375,0.625,0.625,0.125
aipom,0.25,0.5,0.0,0.625,0.875,0.125,0.75,1.0,1.0,0.75,1.0,1.0,0.5,0.75,0.25,0.5,1.0,0.125
alcremie,0.0,0.3333333333333333,0.0,0.0,0.3333333333333333,0.0,1.0,1.0,1.0,1.0,1.0,1.0,0.3333333333333333,0.3333333333333333,0.0,0.3333333333333333,0.3333333333333333,0.0
alomomola,0.25,0.5,0.0,0.5,0.75,0.0,1.0,1.0,0.75,1.0,1.0,0.75,0.75,0.75,0.5,0.75,0.75,0.0
amaura,0.0,0.3333333333333333,0.0,0.0,0.6666666666666666,0.0,0.6666666666666666,0.6666666666666666,0.6666666666666666,0.6666666666666666,0.6666666666666666,0.6666666666666666,0.6666666666666666,0.3333333333333333,0.3333333333333333,0.6666666666666666,0.3333333333333333,0.0
ambipom,0.875,1.0,0.5,0.75,1.0,0.375,1.0,1.0,1.0,1.0,1.0,1.0,1.0,1.0,0.75,1.0,1.0,0.375
amoonguss,0.25,0.25,0.0,0.25,0.75,0.0,0.25,0.75,0.5,0.5,0.5,0.5,0.5,0.5,0.25,0.5,0.25,0.0
ampharos,0.5,1.0,0.0,0.625,1.0,0.0,0.75,1.0,1.0,0.5,1.0,1.0,0.625,0.75,0.25,0.625,0.75,0.0
annihilape,0.0,0.0,0.0,0.0,1.0,0.0,0.0,1.0,1.0,0.0,1.0,0.0,0.0,0.0,0.0,0.0,0.0,0.0
anorith,0.75,0.625,0.125,0.625,0.75,0.0,1.0,1.0,1.0,0.875,1.0,1.0,0.625,0.875,0.625,0.625,0.75,0.375
appletun,1.0,1.0,0.0,0.6666666666666666,1.0,0.0,0.6666666666666666,1.0,0.6666666666666666,0.6666666666666666,1.0,0.6666666666666666,1.0,1.0,0.6666666666666666,1.0,1.0,0.0
applin,1.0,1.0,0.0,0.3333333333333333,1.0,0.0,1.0,1.0,1.0,0.3333333333333333,1.0,1.0,1.0,1.0,0.3333333333333333,1.0,0.3333333333333333,0.0
araquanid,0.0,0.3333333333333333,0.0,0.6666666666666666,0.3333333333333333,0.0,1.0,1.0,1.0,1.0,1.0,1.0,0.6666666666666666,0.6666666666666666,0.3333333333333333,0.6666666666666666,0.3333333333333333,0.0
arceus,0.6666666666666666,0.8333333333333334,0.16666666666666666,0.6666666666666666,0.6666666666666666,0.0,0.6666666666666666,0.8333333333333334,0.8333333333333334,0.6666666666666666,0.6666666666666666,0.8333333333333334,0.8333333333333334,0.6666666666666666,0.8333333333333334,0.8333333333333334,0.6666666666666666,0.5
archen,0.25,0.25,0.0,0.25,0.25,0.0,0.25,0.75,0.25,0.5,0.75,0.25,0.25,0.5,0.25,0.25,0.25,0.0
arctibax,0.0,0.0,0.0,0.0,1.0,0.0,1.0,1.0,1.0,1.0,1.0,1.0,1.0,1.0,0.0,1.0,0.0,0.0
arctovish,0.0,0.6666666666666666,0.0,0.0,0.6666666666666666,0.0,0.6666666666666666,1.0,1.0,0.6666666666666666,1.0,1.0,1.0,1.0,0.3333333333333333,1.0,0.6666666666666666,0.0
arctozolt,0.3333333333333333,1.0,0.0,0.6666666666666666,1.0,0.0,1.0,1.0,1.0,0.6666666666666666,1.0,1.0,1.0,1.0,0.3333333333333333,1.0,1.0,0.0
armaldo,0.5,0.75,0.25,0.625,0.875,0.125,0.75,0.875,0.875,0.75,0.875,0.875,0.75,0.875,0.375,0.75,0.875,0.25
armarouge,1.0,1.0,0.0,1.0,1.0,0.0,1.0,1.0,1.0,1.0,1.0,1.0,1.0,1.0,0.0,1.0,1.0,0.0
arrokuda,0.6666666666666666,0.6666666666666666,0.0,0.6666666666666666,0.6666666666666666,0.0,0.3333333333333333,1.0,1.0,0.3333333333333333,1.0,1.0,1.0,0.3333333333333333,0.0,1.0,0.3333333333333333,0.0
articuno,0.25,0.625,0.125,0.0,0.625,0.0,0.5,0.875,0.75,0.375,0.875,0.75,0.5,0.875,0.5,0.5,0.75,0.0
audino,0.0,0.75,0.0,0.0,0.75,0.0,0.75,0.75,0.75,0.75,0.75,0.75,0.75,0.5,0.75,0.5,0.5,0.0
avalugg,0.3333333333333333,0.6666666666666666,0.3333333333333333,0.6666666666666666,0.6666666666666666,0.3333333333333333,0.3333333333333333,0.6666666666666666,0.3333333333333333,0.3333333333333333,0.6666666666666666,0.3333333333333333,0.3333333333333333,0.3333333333333333,0.3333333333333333,0.3333333333333333,0.3333333333333333,0.0
axew,0.75,0.75,0.0,0.75,0.75,0.0,0.75,0.75,0.25,0.75,0.75,0.25,0.75,0.25,0.75,0.75,0.25,0.0
azelf,1.0,1.0,0.0,0.8333333333333334,1.0,0.0,1.0,1.0,1.0,1.0,1.0,1.0,0.8333333333333334,1.0,0.8333333333333334,0.8333333333333334,1.0,0.0
azumarill,0.5,0.75,0.375,0.625,1.0,0.375,0.875,1.0,1.0,0.875,1.0,1.0,0.75,0.75,0.125,0.75,0.75,0.0
bagon,0.375,0.75,0.0,0.25,0.75,0.0,0.875,1.0,1.0,0.625,1.0,0.875,0.625,0.875,0.5,0.625,0.875,0.125
baltoy,0.75,0.625,0.0,0.625,0.875,0.0,0.75,0.75,0.75,0.5,0.75,0.75,0.625,0.5,0.625,0.625,0.5,0.25
banette,0.625,0.625,0.125,0.625,0.875,0.125,0.625,0.75,0.625,0.625,0.625,0.625,0.625,0.625,0.375,0.625,0.75,0.0
barbaracle,0.3333333333333333,0.3333333333333333,0.0,0.3333333333333333,0.6666666666666666,0.0,1.0,1.0,1.0,0.6666666666666666,1.0,1.0,1.0,0.3333333333333333,0.6666666666666666,0.6666666666666666,0.3333333333333333,0.0
barboach,0.75,0.75,0.0,0.875,1.0,0.0,0.875,1.0,1.0,0.875,1.0,0.875,0.625,0.875,1.0,0.625,0.875,0.375
barraskewda,0.6666666666666666,1.0,0.0,0.6666666666666666,0.6666666666666666,0.0,1.0,1.0,1.0,1.0,1.0,1.0,0.6666666666666666,1.0,1.0,0.6666666666666666,1.0,0.0
basculegion-male,0.0,0.0,0.0,0.0,0.0,0.0,1.0,1.0,1.0,1.0,1.0,1.0,0.0,0.0,0.0,0.0,0.0,0.0
basculin-red-striped,0.5,0.75,0.0,0.75,1.0,0.0,1.0,1.0,1.0,0.75,1.0,1.0,0.5,0.5,0.25,0.5,0.25,0.0
bastiodon,0.16666666666666666,1.0,0.16666666666666666,0.3333333333333333,0.8333333333333334,0.16666666666666666,1.0,1.0,1.0,0.8333333333333334,1.0,1.0,1.0,0.8333333333333334,1.0,1.0,1.0,0.6666666666666666
baxcalibur,0.0,0.0,0.0,0.0,1.0,0.0,1.0,1.0,1.0,1.0,1.0,1.0,0.0,1.0,0.0,0.0,1.0,0.0
beartic,0.25,0.5,0.0,0.5,0.75,0.0,0.5,0.5,0.75,0.5,0.75,0.75,0.25,0.5,0.5,0.25,0.5,0.0
beautifly,0.5,0.625,0.25,0.625,0.75,0.5,0.875,0.875,1.0,0.875,1.0,1.0,0.5,0.75,0.625,0.5,0.625,0.625
beedrill,0.25,0.25,0.125,0.25,0.125,0.0,0.375,0.875,0.75,0.375,0.875,0.875,0.375,0.75,0.125,0.375,0.75,0.125
beheeyem,0.75,1.0,0.0,0.5,1.0,0.0,0.25,1.0,0.75,0.5,1.0,0.75,0.75,1.0,0.75,0.75,1.0,0.0
beldum,0.75,0.75,0.0,0.75,0.75,0.0,1.0,1.0,0.875,1.0,1.0,1.0,0.5,1.0,0.375,0.5,0.75,0.25
bellsprout,0.625,0.875,0.0,0.875,0.75,0.0,0.625,0.75,0.625,0.625,0.75,0.625,0.625,0.625,0.375,0.625,0.75,0.0
bergmite,0.25,0.5,0.0,0.5,0.25,0.0,0.75,1.0,1.0,0.5,1.0,1.0,0.5,1.0,0.5,0.5,0.75,0.0
bewear,0.6666666666666666,0.6666666666666666,0.0,0.6666666666666666,0.6666666666666666,0.0,0.6666666666666666,0.6666666666666666,0.6666666666666666,0.6666666666666666,0.6666666666666666,0.6666666666666666,0.6666666666666666,0.6666666666666666,0.6666666666666666,0.6666666666666666,0.6666666666666666,0.0
bidoof,0.75,1.0,0.625,0.75,1.0,0.25,0.875,1.0,0.875,0.875,1.0,0.875,0.875,1.0,1.0,0.875,1.0,0.875
bisharp,0.75,0.75,0.0,0.75,0.75,0.0,0.75,1.0,0.75,0.75,1.0,0.75,0.75,0.75,0.5,0.75,0.75,0.0
blacephalon,0.6666666666666666,0.3333333333333333,0.0,0.6666666666666666,1.0,0.0,0.6666666666666666,0.6666666666666666,0.6666666666666666,0.6666666666666666,0.6666666666666666,0.6666666666666666,0.0,1.0,0.0,0.0,0.6666666666666666,0.0
blastoise,0.625,0.5,0.0,0.625,0.75,0.125,0.5,0.875,0.5,0.375,0.875,0.625,0.25,0.75,0.125,0.25,0.375,0.0
blaziken,0.75,0.75,0.25,0.625,0.75,0.25,0.875,1.0,1.0,0.875,1.0,1.0,0.875,0.75,0.75,0.875,0.875,0.125
blipbug,0.6666666666666666,1.0,0.0,0.6666666666666666,1.0,0.0,0.6666666666666666,1.0,0.6666666666666666,0.6666666666666666,1.0,0.6666666666666666,0.6666666666666666,1.0,0.6666666666666666,0.6666666666666666,1.0,0.0
blissey,0.375,0.875,0.0,0.25,1.0,0.0,0.75,0.875,0.75,0.75,0.75,0.75,0.5,0.375,0.125,0.5,0.5,0.0
blitzle,0.25,0.5,0.0,0.5,0.75,0.0,0.5,0.75,0.75,0.5,0.75,0.75,0.25,0.25,0.25,0.0,0.25,0.0
boldore,0.5,0.5,0.0,0.75,0.75,0.0,0.5,0.75,0.5,0.75,0.5,0.5,0.5,0.25,0.25,0.5,0.25,0.0
bombirdier,1.0,1.0,0.0,0.0,1.0,0.0,0.0,1.0,0.0,1.0,1.0,0.0,0.0,1.0,0.0,0.0,0.0,0.0
bouffalant,0.25,0.5,0.0,0.25,1.0,0.0,0.25,1.0,1.0,0.25,1.0,1.0,0.0,0.75,0.25,0.0,0.25,0.0
bounsweet,0.0,0.3333333333333333,0.0,0.3333333333333333,0.3333333333333333,0.0,1.0,1.0,1.0,1.0,1.0,1.0,0.6666666666666666,1.0,0.3333333333333333,0.6666666666666666,0.6666666666666666,0.0
braixen,0.25,0.25,0.0,0.25,0.5,0.0,0.75,0.75,0.75,0.75,0.75,0.75,0.5,0.5,0.25,0.5,0.25,0.0
brambleghast,0.0,0.0,0.0,0.0,0.0,0.0,0.0,1.0,0.0,0.0,1.0,0.0,0.0,1.0,0.0,0.0,1.0,0.0
braviary,0.5,1.0,0.0,0.5,0.75,0.0,0.75,0.75,0.75,0.75,0.75,0.75,0.75,0.75,0.5,0.5,0.75,0.0
breloom,0.625,0.625,0.125,0.875,0.75,0.0,0.875,0.625,0.75,0.875,0.75,0.75,0.5,0.75,0.25,0.375,0.5,0.125
brionne,0.3333333333333333,0.6666666666666666,0.0,0.3333333333333333,0.6666666666666666,0.0,0.6666666666666666,1.0,1.0,0.6666666666666666,1.0,1.0,1.0,0.6666666666666666,0.6666666666666666,1.0,0.6666666666666666,0.0
bronzong,0.6666666666666666,0.8333333333333334,0.16666666666666666,0.3333333333333333,1.0,0.16666666666666666,0.8333333333333334,0.8333333333333334,0.8333333333333334,0.8333333333333334,0.8333333333333334,0.8333333333333334,0.6666666666666666,0.8333333333333334,0.6666666666666666,0.6666666666666666,0.6666666666666666,0.0
bronzor,1.0,1.0,0.0,1.0,1.0,0.0,0.8333333333333334,1.0,0.5,0.8333333333333334,1.0,0.6666666666666666,0.8333333333333334,1.0,1.0,0.8333333333333334,0.8333333333333334,0.8333333333333334
brute-bonnet,0.0,0.0,0.0,0.0,1.0,0.0,0.0,0.0,0.0,0.0,0.0,0.0,0.0,0.0,0.0,0.0,0.0,0.0
bruxish,0.3333333333333333,0.3333333333333333,0.0,0.3333333333333333,1.0,0.0,0.6666666666666666,1.0,1.0,0.6666666666666666,1.0,1.0,0.3333333333333333,0.3333333333333333,0.0,0.3333333333333333,0.3333333333333333,0.0
budew,1.0,1.0,0.0,1.0,1.0,0.0,0.6666666666666666,1.0,0.6666666666666666,0.6666666666666666,1.0,0.6666666666666666,0.8333333333333334,1.0,0.8333333333333334,0.8333333333333334,0.8333333333333334,0.3333333333333333
buizel,0.625,0.75,0.25,0.75,0.75,0.25,0.75,1.0,1.0,1.0,1.0,1.0,0.75,1.0,0.625,0.75,0.75,0.375
bulbasaur,0.125,0.375,0.0,0.0,0.5,0.0,0.625,1.0,1.0,0.625,1.0,1.0,0.625,0.625,0.0,0.625,0.875,0.0
buneary,0.6666666666666666,1.0,0.0,0.5,1.0,0.0,0.8333333333333334,1.0,1.0,0.8333333333333334,1.0,1.0,0.8333333333333334,0.8333333333333334,0.6666666666666666,0.8333333333333334,0.8333333333333334,0.0
bunnelby,0.25,1.0,0.0,0.25,1.0,0.0,0.75,1.0,1.0,0.75,1.0,1.0,0.75,0.75,0.75,0.75,0.75,0.0
burmy,0.5,0.6666666666666666,0.0,0.5,1.0,0.0,1.0,0.8333333333333334,1.0,0.6666666666666666,0.6666666666666666,1.0,0.5,0.6666666666666666,0.5,0.5,0.6666666666666666,0.3333333333333333
butterfree,0.625,1.0,0.0,0.375,0.875,0.0,1.0,1.0,1.0,1.0,1.0,1.0,0.75,1.0,0.75,0.75,0.875,0.0
buzzwole,0.0,0.3333333333333333,0.0,0.0,0.3333333333333333,0.0,0.3333333333333333,0.6666666666666666,0.6666666666666666,0.3333333333333333,0.6666666666666666,0.6666666666666666,0.3333333333333333,0.0,0.0,0.3333333333333333,0.0,0.0
cacturne,0.75,1.0,0.0,0.875,1.0,0.375,0.875,1.0,1.0,1.0,1.0,0.875,0.625,0.625,0.625,0.625,0.625,0.5
calyrex,0.6666666666666666,0.6666666666666666,0.0,1.0,1.0,0.0,1.0,1.0,1.0,1.0,1.0,1.0,0.6666666666666666,0.6666666666666666,0.6666666666666666,0.6666666666666666,1.0,0.0
camerupt,0.625,0.875,0.625,0.625,0.875,0.5,1.0,1.0,1.0,1.0,1.0,1.0,0.625,0.875,0.875,0.625,0.875,0.625
capsakid,0.0,0.0,0.0,0.0,0.0,0.0,0.0,1.0,0.0,0.0,1.0,0.0,0.0,1.0,0.0,0.0,1.0,0.0
carbink,0.5,0.5,0.0,0.5,0.75,0.0,0.5,0.5,0.5,0.5,0.5,0.5,0.0,0.5,0.25,0.0,0.5,0.0
carkol,0.0,0.0,0.0,0.0,0.3333333333333333,0.0,0.0,0.6666666666666666,0.0,0.0,0.6666666666666666,0.0,0.0,0.3333333333333333,0.0,0.0,0.3333333333333333,0.0
carnivine,0.3333333333333333,0.5,0.0,0.3333333333333333,0.5,0.0,0.6666666666666666,0.6666666666666666,0.6666666666666666,0.6666666666666666,0.6666666666666666,0.6666666666666666,0.5,0.6666666666666666,0.3333333333333333,0.5,0.5,0.0
carracosta,0.25,0.25,0.0,0.25,0.5,0.0,0.25,0.75,0.25,0.25,0.5,0.25,0.0,0.25,0.25,0.0,0.25,0.0
carvanha,0.75,0.875,0.0,0.875,1.0,0.0,0.875,0.875,0.875,0.75,0.875,0.875,0.375,0.875,0.125,0.375,0.875,0.0
castform,0.5,0.875,0.0,0.625,0.875,0.0,0.625,1.0,0.625,0.625,1.0,0.625,0.875,0.875,0.875,0.875,1.0,0.625
celesteela,0.6666666666666666,0.6666666666666666,0.0,0.3333333333333333,1.0,0.0,1.0,1.0,1.0,1.0,1.0,1.0,0.6666666666666666,0.6666666666666666,0.3333333333333333,0.6666666666666666,0.6666666666666666,0.0
centiskorch,0.6666666666666666,0.6666666666666666,0.0,0.3333333333333333,1.0,0.0,0.6666666666666666,1.0,0.6666666666666666,0.6666666666666666,1.0,1.0,1.0,0.6666666666666666,0.6666666666666666,1.0,0.6666666666666666,0.0
cetitan,0.0,0.0,0.0,0.0,0.0,0.0,1.0,1.0,1.0,1.0,1.0,1.0,0.0,0.0,0.0,0.0,0.0,0.0
chansey,0.125,0.25,0.125,0.125,0.25,0.125,0.5,0.625,0.875,0.5,0.625,0.625,0.375,0.375,0.5,0.375,0.5,0.25
charcadet,1.0,1.0,0.0,0.0,1.0,0.0,1.0,0.0,1.0,1.0,1.0,0.0,0.0,0.0,0.0,0.0,0.0,0.0
charizard,0.0,0.125,0.0,0.0,0.5,0.0,0.25,1.0,0.875,0.25,1.0,0.875,0.25,0.5,0.25,0.25,0.75,0.0
cherrim,0.3333333333333333,0.8333333333333334,0.0,0.5,1.0,0.0,0.8333333333333334,0.8333333333333334,0.8333333333333334,0.8333333333333334,0.8333333333333334,0.8333333333333334,0.8333333333333334,0.8333333333333334,0.8333333333333334,0.8333333333333334,0.8333333333333334,0.0
cherubi,0.8333333333333334,1.0,0.0,0.8333333333333334,1.0,0.0,0.3333333333333333,1.0,0.5,0.3333333333333333,1.0,0.5,0.5,0.5,1.0,0.5,0.8333333333333334,0.8333333333333334
chesnaught,0.5,0.75,0.0,0.5,0.75,0.0,0.75,0.75,0.75,0.75,0.75,0.75,0.5,0.25,0.0,0.5,0.5,0.0
chewtle,0.0,0.6666666666666666,0.0,0.0,0.6666666666666666,0.0,0.6666666666666666,1.0,0.6666666666666666,0.6666666666666666,1.0,0.6666666666666666,0.3333333333333333,0.6666666666666666,0.6666666666666666,0.3333333333333333,0.6666666666666666,0.0
chikorita,0.375,0.875,0.25,0.625,0.875,0.0,0.5,0.875,0.75,0.375,0.875,0.75,0.375,0.625,0.375,0.375,0.625,0.125
chimchar,0.16666666666666666,0.5,0.0,0.3333333333333333,0.8333333333333334,0.0,0.6666666666666666,1.0,0.8333333333333334,0.3333333333333333,1.0,0.8333333333333334,0.16666666666666666,0.6666666666666666,0.16666666666666666,0.3333333333333333,0.8333333333333334,0.0
chimecho,0.75,0.875,0.5,0.875,1.0,0.25,0.625,0.75,0.75,0.75,0.75,0.75,0.625,0.75,0.5,0.625,0.75,0.375
chinchou,0.875,1.0,0.0,0.5,0.875,0.0,0.5,0.875,0.75,0.625,0.875,0.75,0.625,1.0,0.625,0.625,0.625,0.0
chingling,0.5,0.6666666666666666,0.0,0.5,0.8333333333333334,0.0,0.6666666666666666,0.8333333333333334,0.8333333333333334,0.6666666666666666,0.8333333333333334,0.8333333333333334,0.5,0.5,0.3333333333333333,0.5,0.6666666666666666,0.16666666666666666
cinccino,0.0,0.5,0.0,0.25,0.5,0.0,0.5,1.0,1.0,0.75,1.0,0.75,0.25,0.25,0.25,0.25,0.75,0.0
cinderace,0.3333333333333333,0.6666666666666666,0.0,0.0,0.6666666666666666,0.0,1.0,1.0,1.0,1.0,1.0,1.0,0.0,0.6666666666666666,0.0,0.0,0.6666666666666666,0.0
clauncher,0.0,0.5,0.0,0.25,0.75,0.0,0.5,0.75,0.75,0.5,0.25,0.25,0.0,0.0,0.0,0.0,0.0,0.0
clawitzer,0.3333333333333333,0.3333333333333333,0.0,0.0,0.6666666666666666,0.0,0.6666666666666666,0.6666666666666666,0.6666666666666666,0.6666666666666666,0.6666666666666666,0.6666666666666666,0.3333333333333333,0.3333333333333333,0.3333333333333333,0.3333333333333333,0.3333333333333333,0.0
clefable,0.5,0.375,0.375,0.5,0.375,0.375,0.625,0.75,0.75,0.5,0.75,0.75,0.375,0.375,0.375,0.375,0.5,0.0
clefairy,0.5,0.625,0.0,0.5,0.375,0.0,0.625,0.875,0.875,0.5,0.875,0.875,0.625,0.625,0.125,0.625,0.75,0.0
cleffa,0.375,0.75,0.125,0.5,0.875,0.125,0.25,0.625,0.375,0.25,0.5,0.375,0.25,0.125,0.5,0.25,0.375,0.0
clobbopus,0.0,0.0,0.0,0.0,0.3333333333333333,0.0,0.6666666666666666,1.0,0.6666666666666666,0.6666666666666666,1.0,0.6666666666666666,0.0,0.0,0.0,0.0,0.0,0.0
clodsire,0.0,0.0,0.0,0.0,1.0,0.0,1.0,1.0,1.0,1.0,1.0,1.0,0.0,1.0,1.0,0.0,1.0,0.0
cloyster,0.25,0.5,0.25,0.375,0.625,0.0,0.375,0.5,0.5,0.375,0.5,0.5,0.375,0.5,0.375,0.375,0.5,0.0
coalossal,0.3333333333333333,1.0,0.0,0.0,1.0,0.0,1.0,1.0,1.0,0.3333333333333333,1.0,1.0,0.6666666666666666,1.0,0.0,0.6666666666666666,1.0,0.0
cofagrigus,0.5,0.75,0.0,0.75,0.75,0.0,1.0,1.0,1.0,1.0,1.0,1.0,0.5,0.5,0.5,0.5,0.5,0.0
combee,0.875,0.875,0.875,0.875,1.0,0.875,1.0,1.0,1.0,1.0,1.0,1.0,0.875,1.0,1.0,0.875,1.0,0.75
combusken,0.75,0.875,0.125,0.875,0.875,0.125,1.0,1.0,1.0,1.0,1.0,1.0,0.875,0.875,0.875,0.875,1.0,0.25
comfey,0.3333333333333333,0.6666666666666666,0.0,0.3333333333333333,1.0,0.0,0.6666666666666666,1.0,0.6666666666666666,0.6666666666666666,1.0,0.6666666666666666,0.6666666666666666,0.6666666666666666,0.3333333333333333,0.6666666666666666,0.6666666666666666,0.0
conkeldurr,0.5,1.0,0.5,0.25,1.0,0.0,0.75,1.0,1.0,0.75,1.0,1.0,0.5,0.75,0.5,0.5,0.75,0.0
copperajah,0.0,1.0,0.0,0.0,0.6666666666666666,0.0,0.6666666666666666,1.0,0.3333333333333333,0.3333333333333333,1.0,0.3333333333333333,0.3333333333333333,0.3333333333333333,0.3333333333333333,0.3333333333333333,0.3333333333333333,0.0
corsola,0.625,0.875,0.0,0.75,1.0,0.125,0.75,0.75,0.875,1.0,1.0,0.875,0.625,0.875,0.25,0.625,0.875,0.0
corviknight,1.0,1.0,0.0,1.0,1.0,0.0,0.0,0.0,0.0,0.0,0.0,0.0,0.0,0.0,0.0,0.0,0.0,0.0
corvisquire,0.6666666666666666,0.6666666666666666,0.0,0.6666666666666666,0.6666666666666666,0.0,0.6666666666666666,0.6666666666666666,0.6666666666666666,0.6666666666666666,0.6666666666666666,0.6666666666666666,0.6666666666666666,0.6666666666666666,0.6666666666666666,0.6666666666666666,0.6666666666666666,0.0
cosmoem,0.6666666666666666,0.6666666666666666,0.0,0.6666666666666666,0.6666666666666666,0.0,0.6666666666666666,0.6666666666666666,0.6666666666666666,0.6666666666666666,0.6666666666666666,0.6666666666666666,0.6666666666666666,0.6666666666666666,0.6666666666666666,0.6666666666666666,0.6666666666666666,0.0
cottonee,0.0,0.75,0.0,0.0,0.5,0.0,0.75,0.75,0.75,0.75,0.75,0.75,0.75,0.5,0.75,0.75,0.75,0.0
crabominable,0.3333333333333333,0.3333333333333333,0.0,0.3333333333333333,0.6666666666666666,0.0,0.3333333333333333,0.3333333333333333,0.3333333333333333,0.3333333333333333,0.3333333333333333,0.3333333333333333,0.3333333333333333,0.3333333333333333,0.3333333333333333,0.3333333333333333,0.3333333333333333,0.0
crabrawler,0.6666666666666666,1.0,0.0,0.6666666666666666,1.0,0.0,0.6666666666666666,1.0,1.0,0.0,1.0,1.0,0.6666666666666666,0.6666666666666666,0.0,0.6666666666666666,0.6666666666666666,0.0
cradily,0.875,1.0,0.125,0.625,1.0,0.125,1.0,1.0,1.0,1.0,1.0,1.0,0.875,0.875,0.75,0.875,0.875,0.625
cramorant,0.0,0.3333333333333333,0.0,0.3333333333333333,0.3333333333333333,0.0,1.0,0.6666666666666666,0.3333333333333333,1.0,1.0,0.3333333333333333,0.3333333333333333,0.3333333333333333,0.3333333333333333,0.3333333333333333,0.3333333333333333,0.0
cranidos,0.5,0.3333333333333333,0.0,0.6666666666666666,0.3333333333333333,0.0,0.8333333333333334,0.8333333333333334,0.8333333333333334,0.8333333333333334,0.8333333333333334,0.8333333333333334,0.5,0.6666666666666666,0.5,0.5,0.3333333333333333,0.0
crawdaunt,0.5,0.75,0.125,0.375,0.75,0.0,0.75,0.875,0.875,0.75,0.875,0.875,0.5,0.625,0.625,0.5,0.5,0.25
cresselia,0.8333333333333334,0.8333333333333334,0.0,0.8333333333333334,0.8333333333333334,0.0,1.0,1.0,1.0,0.6666666666666666,1.0,1.0,0.8333333333333334,0.6666666666666666,0.8333333333333334,0.8333333333333334,0.8333333333333334,0.16666666666666666
crobat,0.25,0.875,0.0,0.375,1.0,0.0,0.75,0.875,0.875,0.625,0.75,0.875,0.25,0.25,0.25,0.25,0.25,0.0
croconaw,0.375,0.75,0.0,0.25,0.75,0.0,0.25,0.75,0.5,0.25,0.625,0.625,0.125,0.375,0.0,0.125,0.375,0.0
crustle,0.25,0.75,0.0,0.25,1.0,0.0,0.75,0.75,1.0,0.75,1.0,0.75,0.25,0.25,0.5,0.25,0.25,0.0
cryogonal,0.5,0.75,0.0,0.5,0.75,0.0,1.0,1.0,1.0,1.0,1.0,1.0,0.75,1.0,0.75,0.75,1.0,0.0
cubone,0.125,0.25,0.25,0.125,0.375,0.125,0.375,0.875,0.75,0.375,0.875,0.75,0.5,0.75,0.375,0.5,0.625,0.0
cufant,0.3333333333333333,1.0,0.0,0.3333333333333333,1.0,0.0,0.3333333333333333,1.0,1.0,0.3333333333333333,1.0,1.0,1.0,1.0,0.0,1.0,1.0,0.0
cursola,0.0,0.6666666666666666,0.0,0.0,0.6666666666666666,0.0,0.6666666666666666,0.6666666666666666,0.6666666666666666,0.6666666666666666,0.6666666666666666,0.6666666666666666,0.6666666666666666,0.6666666666666666,0.3333333333333333,0.6666666666666666,0.6666666666666666,0.0
cutiefly,0.3333333333333333,0.3333333333333333,0.0,0.3333333333333333,0.3333333333333333,0.0,0.3333333333333333,0.3333333333333333,0.0,0.3333333333333333,0.3333333333333333,0.3333333333333333,0.3333333333333333,0.3333333333333333,0.3333333333333333,0.3333333333333333,0.3333333333333333,0.0
cyclizar,0.0,0.0,0.0,0.0,0.0,0.0,1.0,1.0,1.0,1.0,1.0,1.0,0.0,0.0,0.0,0.0,0.0,0.0
cyndaquil,0.625,0.875,0.25,0.875,0.75,0.0,0.75,0.875,0.875,0.75,0.875,0.875,0.75,0.75,0.375,0.75,0.875,0.0
dachsbun,0.0,0.0,0.0,0.0,0.0,0.0,1.0,1.0,1.0,1.0,1.0,1.0,0.0,0.0,0.0,0.0,0.0,0.0
darkrai,0.5,0.6666666666666666,0.0,0.5,0.8333333333333334,0.0,1.0,1.0,1.0,1.0,0.8333333333333334,1.0,0.3333333333333333,0.5,0.16666666666666666,0.3333333333333333,0.5,0.0
darmanitan-standard,0.5,0.5,0.0,0.5,0.75,0.0,0.75,1.0,1.0,0.75,1.0,1.0,0.5,0.75,0.0,0.5,0.75,0.0
dartrix,0.3333333333333333,0.6666666666666666,0.0,0.0,1.0,0.0,1.0,1.0,1.0,1.0,1.0,1.0,0.6666666666666666,0.6666666666666666,0.6666666666666666,0.6666666666666666,0.6666666666666666,0.0
decidueye,0.3333333333333333,0.3333333333333333,0.0,0.0,0.6666666666666666,0.0,1.0,0.3333333333333333,0.3333333333333333,1.0,0.3333333333333333,0.3333333333333333,0.3333333333333333,0.3333333333333333,0.3333333333333333,0.3333333333333333,0.3333333333333333,0.0
dedenne,0.0,0.5,0.0,0.25,0.5,0.0,0.5,1.0,0.75,0.5,1.0,0.75,0.25,0.25,0.5,0.25,0.25,0.0
deerling,0.75,0.75,0.0,0.75,1.0,0.0,0.25,0.75,0.75,0.25,0.75,0.75,0.5,0.75,0.0,0.5,0.75,0.0
deino,0.5,0.25,0.0,0.5,0.75,0.0,0.25,1.0,0.5,0.25,1.0,0.75,0.5,0.25,0.25,0.5,0.25,0.0
delcatty,0.25,0.75,0.0,0.375,0.75,0.0,1.0,1.0,1.0,1.0,1.0,1.0,0.75,0.75,0.5,0.75,0.75,0.5
delibird,0.625,0.75,0.25,0.625,0.875,0.25,0.625,0.875,0.875,0.5,0.875,0.875,0.375,0.625,0.25,0.375,0.75,0.0
dewgong,0.25,0.5,0.0,0.25,0.375,0.0,0.5,0.875,0.875,0.5,0.875,0.875,0.375,0.625,0.375,0.375,0.5,0.0
dewpider,0.6666666666666666,0.6666666666666666,0.0,0.6666666666666666,0.6666666666666666,0.0,0.6666666666666666,1.0,1.0,0.6666666666666666,1.0,0.6666666666666666,0.0,0.6666666666666666,0.6666666666666666,0.0,0.6666666666666666,0.0
dhelmise,0.3333333333333333,0.6666666666666666,0.0,0.3333333333333333,0.6666666666666666,0.0,0.6666666666666666,1.0,0.6666666666666666,0.6666666666666666,1.0,0.6666666666666666,0.6666666666666666,0.6666666666666666,0.6666666666666666,1.0,1.0,0.0
dialga,0.5,0.8333333333333334,0.0,0.6666666666666666,0.8333333333333334,0.0,0.8333333333333334,0.8333333333333334,0.8333333333333334,0.8333333333333334,0.8333333333333334,0.8333333333333334,0.5,0.8333333333333334,0.5,0.5,0.6666666666666666,0.3333333333333333
diggersby,0.0,0.6666666666666666,0.0,0.0,0.6666666666666666,0.0,0.6666666666666666,0.6666666666666666,0.6666666666666666,0.6666666666666666,0.6666666666666666,0.6666666666666666,0.0,0.3333333333333333,0.3333333333333333,0.0,0.3333333333333333,0.0
diglett,0.625,0.75,0.125,0.875,0.75,0.0,1.0,1.0,1.0,0.75,1.0,1.0,0.75,1.0,0.75,0.75,1.0,0.0
ditto,0.5,0.75,0.0,0.5,0.625,0.0,0.5,0.625,0.375,0.375,0.75,0.375,0.5,0.5,0.625,0.5,0.75,0.375
dodrio,0.375,0.625,0.0,0.375,0.625,0.0,0.25,1.0,1.0,0.25,1.0,1.0,0.625,1.0,0.25,0.625,0.75,0.0
doduo,0.125,0.5,0.0,0.125,0.75,0.0,0.5,0.75,0.875,0.75,0.625,0.875,0.625,0.5,0.25,0.625,0.875,0.0
dondozo,0.0,0.0,0.0,0.0,0.0,0.0,0.0,1.0,0.0,0.0,0.0,0.0,0.0,0.0,0.0,0.0,0.0,0.0
dottler,0.3333333333333333,0.6666666666666666,0.0,0.0,0.6666666666666666,0.0,0.6666666666666666,1.0,0.3333333333333333,0.3333333333333333,1.0,0.3333333333333333,0.3333333333333333,0.6666666666666666,0.3333333333333333,0.3333333333333333,1.0,0.0
doublade,0.3333333333333333,0.3333333333333333,0.0,0.0,0.6666666666666666,0.0,1.0,1.0,1.0,1.0,1.0,1.0,0.0,0.3333333333333333,0.3333333333333333,0.0,0.3333333333333333,0.0
dracovish,0.0,0.3333333333333333,0.0,0.0,0.6666666666666666,0.0,0.3333333333333333,0.3333333333333333,0.3333333333333333,1.0,0.3333333333333333,0.3333333333333333,0.0,0.3333333333333333,0.0,0.0,0.3333333333333333,0.0
dracozolt,0.3333333333333333,0.6666666666666666,0.0,0.0,0.3333333333333333,0.0,0.3333333333333333,0.6666666666666666,0.6666666666666666,0.3333333333333333,0.6666666666666666,0.3333333333333333,0.3333333333333333,0.3333333333333333,0.3333333333333333,0.3333333333333333,0.3333333333333333,0.0
dragalge,0.0,0.6666666666666666,0.0,0.0,1.0,0.0,1.0,0.6666666666666666,1.0,1.0,1.0,1.0,0.6666666666666666,0.6666666666666666,0.3333333333333333,0.6666666666666666,0.3333333333333333,0.0
dragapult,1.0,1.0,0.0,1.0,1.0,0.0,0.3333333333333333,1.0,1.0,0.3333333333333333,1.0,1.0,1.0,0.3333333333333333,0.0,1.0,0.3333333333333333,0.0
dragonite,0.25,0.375,0.25,0.25,0.375,0.25,0.125,0.5,0.5,0.125,0.5,0.5,0.25,0.375,0.125,0.25,0.375,0.0
drakloak,0.6666666666666666,0.6666666666666666,0.0,0.6666666666666666,0.6666666666666666,0.0,1.0,1.0,1.0,1.0,1.0,1.0,0.3333333333333333,0.3333333333333333,0.3333333333333333,0.3333333333333333,0.3333333333333333,0.0
drampa,0.6666666666666666,0.0,0.0,0.0,0.3333333333333333,0.0,0.0,1.0,1.0,0.0,1.0,1.0,1.0,0.3333333333333333,0.0,1.0,1.0,0.0
dratini,0.125,0.25,0.0,0.125,0.375,0.0,0.5,1.0,1.0,0.5,1.0,1.0,0.375,0.625,0.375,0.5,0.75,0.0
drednaw,0.3333333333333333,0.3333333333333333,0.0,0.3333333333333333,0.3333333333333333,0.0,0.6666666666666666,0.6666666666666666,0.6666666666666666,0.6666666666666666,0.6666666666666666,0.6666666666666666,0.0,0.3333333333333333,0.0,0.0,0.3333333333333333,0.0
dreepy,1.0,1.0,0.0,0.6666666666666666,1.0,0.0,1.0,1.0,1.0,1.0,1.0,1.0,0.3333333333333333,1.0,0.3333333333333333,0.3333333333333333,1.0,0.0
drifblim,0.6666666666666666,0.6666666666666666,0.16666666666666666,0.6666666666666666,1.0,0.0,0.6666666666666666,1.0,0.8333333333333334,0.8333333333333334,1.0,0.8333333333333334,0.3333333333333333,0.6666666666666666,0.5,0.6666666666666666,0.6666666666666666,0.0
drilbur,0.5,0.75,0.0,0.25,1.0,0.0,0.5,0.5,0.5,0.5,0.5,0.5,0.25,0.25,0.25,0.25,0.5,0.0
drizzile,0.3333333333333333,0.6666666666666666,0.0,0.3333333333333333,0.6666666666666666,0.0,0.6666666666666666,1.0,1.0,0.6666666666666666,1.0,1.0,0.6666666666666666,0.6666666666666666,0.0,0.6666666666666666,1.0,0.0
drowzee,0.25,0.375,0.125,0.25,0.5,0.25,0.5,0.625,0.875,0.75,0.625,0.875,0.25,0.25,0.25,0.25,0.25,0.0
dubwool,0.3333333333333333,0.3333333333333333,0.0,1.0,1.0,0.0,1.0,0.3333333333333333,1.0,1.0,1.0,1.0,0.0,0.3333333333333333,0.0,0.0,0.3333333333333333,0.0
ducklett,0.25,0.5,0.0,0.25,0.75,0.0,0.5,1.0,0.5,0.5,1.0,0.5,0.25,0.75,0.25,0.25,0.75,0.0
dudunsparce-two-segment,0.0,0.0,0.0,0.0,0.0,0.0,0.0,0.0,0.0,0.0,0.0,0.0,0.0,0.0,0.0,0.0,0.0,0.0
dugtrio,0.625,0.75,0.25,0.625,0.75,0.25,0.5,1.0,0.875,0.625,0.875,0.875,0.625,0.625,0.5,0.625,0.75,0.0
duosion,0.75,0.75,0.0,0.5,0.5,0.0,0.75,1.0,1.0,0.75,1.0,0.75,0.75,0.75,0.75,0.75,1.0,0.25
durant,0.25,0.25,0.0,0.25,0.5,0.0,0.5,0.75,0.5,0.5,1.0,0.5,0.25,0.25,0.25,0.25,0.25,0.0
dusclops,0.625,0.75,0.375,0.625,1.0,0.0,0.75,0.875,0.875,0.75,0.875,0.875,0.5,0.375,0.375,0.5,0.75,0.25
dusknoir,0.3333333333333333,0.6666666666666666,0.0,0.3333333333333333,0.6666666666666666,0.0,0.3333333333333333,0.8333333333333334,0.8333333333333334,0.3333333333333333,0.8333333333333334,0.8333333333333334,0.3333333333333333,0.5,0.5,0.3333333333333333,0.6666666666666666,0.3333333333333333
dustox,0.625,1.0,0.125,0.75,1.0,0.25,1.0,1.0,1.0,1.0,1.0,1.0,0.75,1.0,0.75,0.75,0.875,0.5
dwebble,0.5,0.5,0.0,0.5,1.0,0.0,0.5,0.75,0.75,0.5,0.75,0.75,0.25,0.25,0.25,0.25,0.25,0.0
eelektrik,0.75,0.75,0.0,0.75,1.0,0.0,0.25,0.75,0.75,0.25,0.75,0.75,0.5,0.5,0.5,0.5,0.5,0.0
eelektross,0.5,1.0,0.0,0.5,0.5,0.0,1.0,1.0,1.0,1.0,1.0,1.0,0.25,0.5,0.25,0.25,0.5,0.0
eevee,0.0,0.42857142857142855,0.14285714285714285,0.0,0.7142857142857143,0.0,0.14285714285714285,0.5714285714285714,0.5714285714285714,0.2857142857142857,0.5714285714285714,0.5714285714285714,0.14285714285714285,0.2857142857142857,0.14285714285714285,0.14285714285714285,0.14285714285714285,0.0
eldegoss,0.6666666666666666,1.0,0.0,1.0,1.0,0.0,1.0,1.0,1.0,1.0,1.0,1.0,0.3333333333333333,1.0,0.3333333333333333,0.3333333333333333,1.0,0.0
electabuzz,0.375,0.75,0.125,0.625,0.75,0.375,0.5,0.75,0.75,0.5,0.75,0.75,0.375,0.625,0.5,0.375,0.75,0.0
electrike,0.375,0.75,0.0,0.5,1.0,0.0,0.625,0.875,0.875,0.5,0.875,0.875,0.75,0.75,0.625,0.75,0.75,0.0
electrode,0.25,0.25,0.0,0.125,0.5,0.0,0.5,0.75,0.625,0.625,0.875,0.75,0.25,0.625,0.375,0.25,0.625,0.0
empoleon,0.6666666666666666,0.6666666666666666,0.3333333333333333,0.6666666666666666,0.8333333333333334,0.16666666666666666,0.8333333333333334,0.8333333333333334,0.8333333333333334,0.8333333333333334,0.8333333333333334,0.8333333333333334,0.6666666666666666,0.8333333333333334,0.8333333333333334,0.6666666666666666,0.6666666666666666,0.3333333333333333
entei,0.125,0.5,0.0,0.25,0.5,0.0,0.75,0.5,0.75,0.75,0.5,0.75,0.375,0.375,0.0,0.375,0.5,0.0
escavalier,0.25,1.0,0.0,0.25,1.0,0.0,0.75,1.0,1.0,0.75,1.0,1.0,0.0,0.5,0.25,0.0,0.5,0.0
espathra,0.0,0.0,0.0,0.0,1.0,0.0,1.0,1.0,1.0,1.0,1.0,1.0,0.0,0.0,0.0,0.0,0.0,0.0
espeon,0.5,0.75,0.0,0.375,0.875,0.0,0.625,1.0,0.875,0.625,1.0,0.875,0.625,0.625,0.375,0.625,0.75,0.0
espurr,0.25,0.5,0.0,0.25,0.5,0.0,0.5,0.75,0.75,0.5,0.75,0.75,0.5,0.5,0.5,0.5,0.5,0.0
eternatus,0.6666666666666666,0.6666666666666666,0.0,0.6666666666666666,1.0,0.0,1.0,1.0,1.0,1.0,1.0,1.0,1.0,0.6666666666666666,1.0,1.0,0.6666666666666666,0.0
excadrill,0.25,0.5,0.0,0.0,0.75,0.0,0.5,0.75,0.75,0.5,0.75,0.75,0.5,0.5,0.5,0.5,0.5,0.0
exeggcute,0.25,0.5,0.0,0.25,0.375,0.25,0.625,1.0,1.0,0.5,1.0,1.0,0.375,0.75,0.375,0.375,0.875,0.0
exeggutor,0.125,0.625,0.25,0.5,0.625,0.25,0.75,1.0,0.75,0.625,1.0,1.0,0.5,0.625,0.25,0.5,0.875,0.125
exploud,0.75,1.0,0.375,0.625,1.0,0.25,1.0,1.0,1.0,1.0,1.0,1.0,1.0,1.0,0.875,1.0,1.0,0.625
falinks,0.6666666666666666,1.0,0.0,0.3333333333333333,1.0,0.0,0.6666666666666666,1.0,1.0,0.3333333333333333,1.0,1.0,0.3333333333333333,1.0,0.3333333333333333,0.3333333333333333,1.0,0.0
farfetchd,0.125,0.375,0.0,0.125,0.625,0.125,0.375,0.875,0.875,0.375,0.875,0.875,0.5,0.625,0.0,0.5,0.75,0.0
farigiraf,1.0,1.0,0.0,1.0,0.0,0.0,0.0,1.0,0.0,0.0,1.0,0.0,0.0,0.0,0.0,0.0,0.0,0.0
fearow,0.0,0.375,0.0,0.0,0.375,0.0,0.375,0.625,0.75,0.375,0.625,0.75,0.125,0.375,0.125,0.125,0.375,0.0
fennekin,0.0,0.5,0.0,0.0,0.5,0.0,0.5,0.75,0.75,0.5,0.75,0.75,0.5,0.5,0.0,0.5,0.5,0.0
ferroseed,0.5,0.5,0.0,0.5,0.75,0.0,0.5,0.75,0.75,0.5,0.75,0.75,0.5,0.75,0.5,0.5,0.75,0.0
ferrothorn,0.25,0.5,0.0,0.0,0.25,0.0,0.75,1.0,1.0,0.25,0.75,0.75,0.0,0.25,0.0,0.0,0.0,0.0
finizen,0.0,0.0,0.0,0.0,0.0,0.0,0.0,0.0,0.0,0.0,0.0,0.0,0.0,0.0,0.0,0.0,0.0,0.0
finneon,0.75,0.875,0.375,0.75,0.875,0.5,1.0,1.0,1.0,1.0,1.0,1.0,0.875,1.0,1.0,0.875,0.875,0.875
flamigo,0.0,0.0,0.0,0.0,0.0,0.0,1.0,1.0,1.0,1.0,1.0,1.0,0.0,0.0,0.0,0.0,0.0,0.0
flapple,0.0,0.3333333333333333,0.0,0.0,1.0,0.0,1.0,1.0,1.0,1.0,1.0,1.0,0.3333333333333333,0.3333333333333333,0.3333333333333333,0.3333333333333333,0.3333333333333333,0.0
flareon,0.125,0.5,0.25,0.375,0.375,0.0,0.5,1.0,0.875,0.375,1.0,1.0,0.375,0.875,0.375,0.375,0.75,0.375
fletchinder,0.0,1.0,0.0,0.3333333333333333,1.0,0.0,0.6666666666666666,1.0,1.0,1.0,1.0,1.0,0.3333333333333333,0.6666666666666666,0.3333333333333333,0.3333333333333333,0.3333333333333333,0.0
flittle,0.0,1.0,0.0,0.0,0.0,0.0,1.0,0.0,0.0,0.0,1.0,0.0,1.0,0.0,0.0,1.0,0.0,0.0
floatzel,0.5,1.0,0.375,0.5,1.0,0.0,1.0,1.0,1.0,1.0,1.0,1.0,0.875,1.0,1.0,0.875,1.0,0.625
floette,0.3333333333333333,0.6666666666666666,0.0,0.6666666666666666,0.6666666666666666,0.0,0.6666666666666666,0.6666666666666666,0.6666666666666666,0.6666666666666666,0.6666666666666666,0.6666666666666666,0.3333333333333333,0.6666666666666666,0.6666666666666666,0.3333333333333333,0.6666666666666666,0.0
floragato,0.0,0.0,0.0,0.0,0.0,0.0,0.0,1.0,0.0,0.0,1.0,0.0,1.0,1.0,0.0,1.0,1.0,0.0
florges,0.0,0.0,0.0,0.0,0.3333333333333333,0.0,0.6666666666666666,0.3333333333333333,0.6666666666666666,0.6666666666666666,0.3333333333333333,0.6666666666666666,0.0,0.3333333333333333,0.0,0.0,0.3333333333333333,0.0
fomantis,0.3333333333333333,0.6666666666666666,0.0,0.6666666666666666,1.0,0.0,0.6666666666666666,0.6666666666666666,0.6666666666666666,0.6666666666666666,0.6666666666666666,0.6666666666666666,0.6666666666666666,0.6666666666666666,0.6666666666666666,0.6666666666666666,0.6666666666666666,0.0
forretress,0.25,0.625,0.0,0.5,0.75,0.0,1.0,1.0,1.0,1.0,1.0,1.0,0.25,0.625,0.5,0.25,0.5,0.0
fraxure,0.5,0.75,0.0,0.0,0.75,0.0,0.5,1.0,1.0,0.5,1.0,1.0,0.0,0.25,0.0,0.0,0.5,0.0
frigibax,0.0,0.0,0.0,0.0,1.0,0.0,0.0,0.0,0.0,0.0,0.0,0.0,1.0,0.0,0.0,1.0,0.0,0.0
frillish,0.5,0.75,0.0,0.625,0.5,0.0,0.875,0.875,1.0,1.0,0.875,1.0,0.5,0.875,0.875,0.5,0.625,0.25
froakie,0.25,0.5,0.0,0.5,0.5,0.0,0.5,1.0,0.75,0.75,1.0,0.75,0.0,0.5,0.0,0.0,0.5,0.0
frogadier,0.0,0.3333333333333333,0.0,0.0,0.6666666666666666,0.0,0.3333333333333333,0.6666666666666666,0.3333333333333333,0.3333333333333333,0.6666666666666666,0.3333333333333333,0.6666666666666666,0.3333333333333333,0.3333333333333333,0.6666666666666666,0.3333333333333333,0.0
froslass,0.16666666666666666,1.0,0.0,0.16666666666666666,1.0,0.0,1.0,1.0,1.0,1.0,1.0,1.0,1.0,0.8333333333333334,0.3333333333333333,1.0,0.8333333333333334,0.0
furret,0.625,0.875,0.0,0.375,1.0,0.0,0.5,1.0,0.875,0.625,1.0,0.875,0.25,0.625,0.0,0.25,0.875,0.0
gallade,0.5,0.6666666666666666,0.0,0.5,0.6666666666666666,0.0,0.8333333333333334,0.8333333333333334,0.8333333333333334,0.8333333333333334,0.8333333333333334,0.8333333333333334,0.3333333333333333,0.8333333333333334,0.6666666666666666,0.3333333333333333,0.8333333333333334,0.16666666666666666
galvantula,0.25,0.25,0.0,0.0,0.5,0.0,0.5,0.75,0.5,0.25,0.75,0.75,0.25,0.25,0.25,0.25,0.25,0.0
garbodor,0.0,0.75,0.0,0.0,0.75,0.0,0.5,1.0,1.0,0.5,1.0,1.0,1.0,0.75,0.5,1.0,0.75,0.0
garchomp,0.75,1.0,0.75,0.875,1.0,0.5,1.0,1.0,1.0,1.0,1.0,1.0,1.0,1.0,1.0,1.0,1.0,0.625
gardevoir,0.375,0.75,0.0,0.5,0.75,0.0,0.75,0.875,0.75,0.625,0.75,0.75,0.5,0.5,0.75,0.5,0.5,0.625
garganacl,0.0,0.0,0.0,0.0,0.0,0.0,1.0,1.0,1.0,1.0,1.0,1.0,0.0,0.0,0.0,0.0,0.0,0.0
gastly,0.25,0.5,0.125,0.25,0.75,0.0,0.25,0.875,0.625,0.5,0.75,0.625,0.5,0.5,0.375,0.375,0.625,0.375
gastrodon,0.6666666666666666,1.0,0.0,0.8333333333333334,0.6666666666666666,0.0,0.8333333333333334,0.8333333333333334,0.8333333333333334,0.8333333333333334,0.8333333333333334,0.8333333333333334,0.6666666666666666,0.6666666666666666,0.6666666666666666,0.5,0.6666666666666666,0.3333333333333333
genesect,0.5,0.75,0.0,0.75,1.0,0.0,1.0,1.0,1.0,1.0,1.0,1.0,0.5,0.5,0.5,0.5,0.5,0.0
gengar,0.25,0.375,0.25,0.375,0.75,0.25,0.25,0.875,0.875,0.25,0.875,0.875,0.5,0.5,0.5,0.5,0.5,0.25
gholdengo,0.0,1.0,0.0,0.0,1.0,0.0,0.0,1.0,1.0,0.0,1.0,1.0,0.0,1.0,0.0,0.0,1.0,0.0
gible,0.75,0.875,0.125,0.75,0.875,0.375,1.0,1.0,1.0,1.0,1.0,1.0,0.875,0.875,0.625,0.875,1.0,0.375
gimmighoul,0.0,1.0,0.0,0.0,1.0,0.0,1.0,1.0,1.0,1.0,1.0,1.0,0.0,0.0,0.0,0.0,0.0,0.0
giratina-altered,0.6666666666666666,0.8333333333333334,0.5,0.5,1.0,0.5,0.8333333333333334,1.0,1.0,0.8333333333333334,1.0,1.0,0.8333333333333334,0.8333333333333334,0.3333333333333333,0.8333333333333334,0.8333333333333334,0.0
glameow,0.5,1.0,0.0,0.3333333333333333,1.0,0.0,0.6666666666666666,1.0,1.0,0.6666666666666666,1.0,1.0,0.8333333333333334,0.8333333333333334,0.8333333333333334,0.8333333333333334,1.0,0.0
glastrier,0.3333333333333333,0.6666666666666666,0.0,0.3333333333333333,0.6666666666666666,0.0,0.6666666666666666,0.6666666666666666,0.6666666666666666,0.6666666666666666,0.6666666666666666,0.6666666666666666,0.6666666666666666,0.6666666666666666,0.0,0.6666666666666666,0.6666666666666666,0.0
gligar,0.75,1.0,0.125,0.5,1.0,0.25,0.75,1.0,1.0,0.75,1.0,1.0,0.75,0.75,0.125,0.75,0.875,0.0
glimmet,0.0,0.0,0.0,0.0,0.0,0.0,0.0,1.0,0.0,0.0,1.0,0.0,0.0,0.0,0.0,0.0,0.0,0.0
gloom,0.25,0.75,0.125,0.25,0.875,0.0,0.75,1.0,0.875,0.75,1.0,0.875,0.75,0.875,0.5,0.75,0.875,0.0
golbat,0.0,0.25,0.0,0.0,0.625,0.0,0.875,1.0,1.0,0.875,1.0,1.0,0.625,0.5,0.5,0.625,0.5,0.0
goldeen,0.375,0.5,0.0,0.375,0.625,0.0,0.5,1.0,1.0,0.375,1.0,1.0,0.5,0.75,0.25,0.5,1.0,0.0
golduck,0.125,0.5,0.125,0.125,0.625,0.125,0.25,0.875,0.875,0.375,0.875,1.0,0.5,0.625,0.0,0.5,0.625,0.0
golem,0.125,0.375,0.0,0.125,0.25,0.0,0.5,0.75,0.5,0.375,0.75,0.5,0.375,0.625,0.25,0.375,0.5,0.0
golisopod,0.0,0.0,0.0,0.0,0.3333333333333333,0.0,0.0,0.6666666666666666,1.0,0.0,0.6666666666666666,0.3333333333333333,0.3333333333333333,0.0,0.0,0.3333333333333333,0.0,0.0
golurk,0.5,0.5,0.0,0.75,0.75,0.0,0.75,1.0,0.5,0.5,0.75,0.5,0.5,0.5,0.5,0.5,0.5,0.0
goodra,0.0,0.3333333333333333,0.0,0.0,0.0,0.0,0.6666666666666666,1.0,1.0,0.6666666666666666,1.0,0.6666666666666666,0.0,0.0,0.0,0.0,0.3333333333333333,0.0
goomy,0.25,0.75,0.0,0.0,0.25,0.0,0.5,0.75,0.75,0.5,1.0,0.75,0.0,0.75,0.5,0.0,0.5,0.0
gorebyss,0.25,0.625,0.375,0.25,0.625,0.0,0.875,0.875,0.875,0.875,0.875,0.875,0.75,0.75,0.75,0.75,0.75,0.75
gossifleur,0.0,0.3333333333333333,0.0,0.0,0.3333333333333333,0.0,0.3333333333333333,0.3333333333333333,0.3333333333333333,0.3333333333333333,0.3333333333333333,0.3333333333333333,0.3333333333333333,0.3333333333333333,0.3333333333333333,0.3333333333333333,0.3333333333333333,0.0
gothita,0.5,0.75,0.0,0.75,0.25,0.0,0.5,0.75,0.25,0.5,0.75,0.5,0.25,0.5,0.25,0.25,0.25,0.0
gothitelle,0.0,0.25,0.0,0.0,0.75,0.0,0.75,1.0,0.75,0.75,1.0,0.75,0.75,0.75,0.75,0.75,0.25,0.0
gothorita,0.25,1.0,0.0,0.25,1.0,0.0,0.5,1.0,1.0,0.5,1.0,1.0,0.5,0.75,1.0,0.5,1.0,0.25
grafaiai,0.0,0.0,0.0,0.0,0.0,0.0,0.0,1.0,0.0,0.0,1.0,0.0,0.0,0.0,0.0,0.0,0.0,0.0
grapploct,0.0,0.3333333333333333,0.0,0.0,0.3333333333333333,0.0,1.0,1.0,1.0,1.0,1.0,1.0,0.0,0.3333333333333333,0.3333333333333333,0.0,0.3333333333333333,0.0
graveler,0.125,0.5,0.0,0.125,0.625,0.0,0.75,0.875,0.875,0.75,0.875,0.875,0.75,0.625,0.25,0.75,0.625,0.125
great-tusk,0.0,0.0,0.0,1.0,0.0,0.0,1.0,1.0,1.0,1.0,1.0,1.0,0.0,0.0,0.0,0.0,0.0,0.0
greedent,0.0,1.0,0.0,0.0,1.0,0.0,0.6666666666666666,1.0,1.0,0.6666666666666666,1.0,1.0,0.6666666666666666,0.6666666666666666,0.0,0.6666666666666666,0.6666666666666666,0.0
greninja,0.0,0.0,0.0,0.0,0.5,0.0,0.25,0.75,0.5,0.25,0.75,0.5,0.0,0.0,0.0,0.0,0.25,0.0
grimer,0.25,0.625,0.0,0.375,0.625,0.25,0.25,0.875,0.625,0.375,0.875,0.625,0.375,0.625,0.25,0.375,0.5,0.0
groudon,0.75,1.0,0.5,0.875,1.0,0.0,1.0,1.0,1.0,0.75,1.0,1.0,1.0,1.0,1.0,1.0,1.0,0.75
grovyle,0.75,0.875,0.0,0.5,1.0,0.0,1.0,1.0,1.0,1.0,1.0,1.0,0.875,1.0,0.5,0.875,0.875,0.0
growlithe,0.125,0.625,0.0,0.375,0.875,0.0,0.375,0.875,0.75,0.625,0.875,0.75,0.5,0.5,0.0,0.5,0.5,0.25
grumpig,0.125,0.875,0.375,0.25,0.75,0.0,0.75,0.75,0.75,0.375,0.75,0.75,0.5,0.5,0.0,0.5,0.625,0.0
gulpin,0.5,0.875,0.375,0.75,0.875,0.625,0.875,1.0,1.0,0.875,1.0,1.0,0.75,0.875,0.75,0.75,0.875,0.375
gumshoos,0.0,0.3333333333333333,0.0,0.0,0.3333333333333333,0.0,0.6666666666666666,1.0,0.6666666666666666,0.6666666666666666,1.0,0.6666666666666666,0.3333333333333333,0.3333333333333333,0.3333333333333333,0.3333333333333333,0.3333333333333333,0.0
gurdurr,0.25,0.5,0.0,0.25,1.0,0.0,0.25,1.0,1.0,0.25,1.0,1.0,0.25,0.25,0.25,0.25,0.5,0.0
gyarados,0.5,0.5,0.0,0.25,0.5,0.0,0.625,0.875,0.875,0.625,0.75,1.0,0.75,0.625,0.125,0.75,0.875,0.0
happiny,0.5,0.6666666666666666,0.0,0.3333333333333333,0.6666666666666666,0.0,0.5,1.0,1.0,0.5,1.0,0.8333333333333334,0.5,0.5,0.5,0.5,0.5,0.3333333333333333
hariyama,0.375,0.875,0.25,0.75,0.875,0.25,0.875,1.0,1.0,0.875,1.0,1.0,0.75,0.875,1.0,0.75,1.0,0.625
hatenna,0.0,0.3333333333333333,0.0,0.0,0.3333333333333333,0.0,0.3333333333333333,1.0,1.0,0.3333333333333333,1.0,0.6666666666666666,0.3333333333333333,1.0,0.6666666666666666,0.3333333333333333,1.0,0.0
hatterene,0.0,0.3333333333333333,0.0,0.0,1.0,0.0,0.6666666666666666,1.0,1.0,0.6666666666666666,1.0,1.0,0.6666666666666666,0.6666666666666666,0.3333333333333333,0.3333333333333333,0.3333333333333333,0.0
haunter,0.25,0.375,0.125,0.25,0.375,0.25,0.5,0.875,0.75,0.25,0.875,0.75,0.625,0.75,0.5,0.625,0.875,0.125
hawlucha,0.25,0.5,0.0,0.25,0.5,0.0,1.0,1.0,1.0,1.0,1.0,1.0,0.25,0.5,0.5,0.25,0.5,0.0
haxorus,0.5,0.75,0.0,0.5,0.75,0.0,0.75,0.75,1.0,0.75,0.75,1.0,0.75,0.75,0.5,0.75,0.5,0.0
heatmor,0.25,0.75,0.0,0.25,0.5,0.0,0.75,1.0,0.75,0.5,1.0,0.75,0.25,0.25,0.25,0.25,0.25,0.0
heatran,0.6666666666666666,0.8333333333333334,0.0,0.6666666666666666,0.8333333333333334,0.0,0.8333333333333334,0.8333333333333334,0.8333333333333334,0.8333333333333334,0.8333333333333334,0.8333333333333334,1.0,0.6666666666666666,0.5,1.0,0.8333333333333334,0.16666666666666666
heliolisk,0.3333333333333333,0.6666666666666666,0.0,0.6666666666666666,0.3333333333333333,0.0,0.3333333333333333,0.6666666666666666,0.6666666666666666,0.3333333333333333,0.6666666666666666,0.6666666666666666,0.0,0.3333333333333333,0.3333333333333333,0.0,0.3333333333333333,0.0
helioptile,0.25,0.75,0.0,0.0,0.75,0.0,0.5,1.0,0.5,0.75,1.0,1.0,0.75,0.75,0.75,0.75,0.75,0.0
herdier,0.5,0.75,0.0,0.5,0.5,0.0,0.5,1.0,1.0,0.75,1.0,1.0,0.25,0.5,0.25,0.25,0.5,0.0
hippopotas,0.625,0.875,0.25,0.5,1.0,0.25,0.75,1.0,1.0,0.75,1.0,1.0,0.5,0.5,0.75,0.5,0.75,0.5
hitmonchan,0.25,0.5,0.125,0.5,0.625,0.0,0.5,1.0,0.875,0.625,1.0,0.875,0.625,0.625,0.375,0.5,0.5,0.0
hitmonlee,0.375,0.375,0.125,0.25,0.375,0.125,0.25,0.625,0.5,0.25,0.625,0.5,0.125,0.5,0.125,0.125,0.5,0.0
hitmontop,0.25,0.75,0.0,0.125,0.75,0.0,0.625,1.0,0.875,0.625,0.75,0.75,0.375,0.5,0.125,0.375,0.625,0.0
honchkrow,0.16666666666666666,0.5,0.0,0.16666666666666666,0.8333333333333334,0.0,1.0,1.0,1.0,0.6666666666666666,1.0,1.0,0.6666666666666666,0.5,0.3333333333333333,0.6666666666666666,0.6666666666666666,0.16666666666666666
honedge,0.0,0.3333333333333333,0.0,0.3333333333333333,0.6666666666666666,0.0,0.6666666666666666,0.6666666666666666,0.6666666666666666,0.6666666666666666,0.6666666666666666,0.6666666666666666,0.0,0.0,0.3333333333333333,0.0,0.0,0.0
hoppip,0.25,0.625,0.0,0.375,1.0,0.0,0.375,0.75,0.5,0.375,0.75,0.625,0.375,0.625,0.25,0.375,0.625,0.0
horsea,0.5,0.875,0.0,0.25,0.875,0.0,0.5,0.875,0.5,0.375,0.875,0.5,0.5,0.625,0.0,0.5,0.75,0.0
houndoom,0.625,0.625,0.0,0.375,0.875,0.0,0.375,1.0,0.875,0.375,1.0,0.875,0.375,0.5,0.625,0.375,0.5,0.0
houndstone,0.0,0.0,0.0,0.0,0.0,0.0,0.0,0.0,0.0,0.0,0.0,0.0,0.0,0.0,0.0,0.0,0.0,0.0
hydreigon,0.5,0.75,0.0,0.5,1.0,0.0,1.0,1.0,1.0,1.0,1.0,1.0,0.5,0.5,0.75,0.5,0.75,0.0
hypno,0.0,0.375,0.0,0.0,0.5,0.0,0.875,1.0,1.0,0.875,1.0,1.0,0.5,0.75,0.125,0.5,0.75,0.0
illumise,0.625,0.625,0.25,0.25,0.75,0.0,0.375,0.875,0.875,0.5,0.875,0.875,0.5,0.5,0.5,0.5,0.625,0.25
impidimp,0.0,0.3333333333333333,0.0,0.0,0.3333333333333333,0.0,0.3333333333333333,0.3333333333333333,0.3333333333333333,0.3333333333333333,0.3333333333333333,0.3333333333333333,0.0,0.3333333333333333,0.0,0.0,0.3333333333333333,0.0
inkay,0.25,0.75,0.0,0.25,1.0,0.0,0.5,1.0,0.5,0.5,0.5,0.5,0.25,0.5,0.5,0.25,0.5,0.0
inteleon,0.6666666666666666,1.0,0.0,1.0,1.0,0.0,0.3333333333333333,1.0,1.0,0.3333333333333333,1.0,1.0,0.0,1.0,0.0,0.0,1.0,0.0
iron-bundle,0.0,0.0,0.0,0.0,0.0,0.0,1.0,1.0,1.0,1.0,1.0,1.0,0.0,1.0,0.0,0.0,0.0,0.0
iron-hands,1.0,1.0,0.0,1.0,1.0,0.0,1.0,1.0,1.0,0.0,1.0,1.0,0.0,0.0,0.0,0.0,1.0,0.0
iron-jugulis,0.0,0.0,0.0,0.0,0.0,0.0,1.0,0.0,1.0,1.0,1.0,1.0,0.0,0.0,0.0,0.0,0.0,0.0
iron-moth,1.0,1.0,0.0,1.0,1.0,0.0,1.0,1.0,1.0,1.0,1.0,1.0,1.0,1.0,1.0,1.0,1.0,0.0
iron-thorns,0.0,0.0,0.0,0.0,0.0,0.0,0.0,1.0,0.0,1.0,1.0,0.0,0.0,1.0,0.0,0.0,1.0,0.0
iron-treads,0.0,0.0,0.0,0.0,0.0,0.0,0.0,1.0,0.0,0.0,0.0,0.0,0.0,0.0,0.0,0.0,0.0,0.0
ivysaur,0.125,0.5,0.125,0.125,0.5,0.0,0.25,0.625,0.625,0.25,0.75,0.625,0.375,0.375,0.125,0.375,0.25,0.0
jellicent,0.25,0.75,0.125,0.375,0.625,0.125,0.75,0.75,0.75,0.75,0.75,0.75,0.375,0.5,0.5,0.375,0.625,0.125
jigglypuff,0.125,0.125,0.125,0.125,0.125,0.125,0.25,0.875,0.5,0.5,0.875,0.5,0.375,0.625,0.375,0.375,0.625,0.125
jolteon,0.25,0.5,0.125,0.5,0.625,0.0,0.5,1.0,0.875,0.5,1.0,0.875,0.375,0.625,0.75,0.375,0.875,0.25
joltik,0.5,0.25,0.0,0.25,0.75,0.0,0.5,0.75,0.5,0.25,0.75,0.5,0.25,0.5,0.25,0.25,0.25,0.0
jumpluff,0.5,0.75,0.125,0.5,0.875,0.0,0.875,1.0,1.0,0.875,1.0,1.0,0.5,0.75,0.625,0.5,0.625,0.125
kabutops,0.125,0.625,0.0,0.0,0.75,0.0,0.5,0.875,0.75,0.375,0.875,0.75,0.5,0.625,0.375,0.5,0.875,0.0
kakuna,0.125,0.25,0.0,0.125,0.5,0.0,0.375,0.75,0.875,0.375,1.0,0.75,0.25,0.625,0.375,0.25,0.5,0.0
kangaskhan,0.0,0.25,0.0,0.0,0.375,0.0,0.625,1.0,0.875,0.5,1.0,0.875,0.5,0.75,0.125,0.5,0.625,0.0
kartana,0.6666666666666666,0.6666666666666666,0.0,0.6666666666666666,0.6666666666666666,0.0,0.6666666666666666,0.6666666666666666,0.6666666666666666,0.6666666666666666,0.6666666666666666,0.6666666666666666,0.6666666666666666,0.6666666666666666,0.6666666666666666,0.6666666666666666,0.6666666666666666,0.0
kecleon,0.5,0.75,0.125,0.625,0.75,0.0,0.625,0.75,0.75,0.625,0.75,0.75,0.375,0.5,0.25,0.375,0.5,0.125
keldeo-ordinary,0.25,0.75,0.0,0.5,0.75,0.0,0.25,0.5,0.5,0.75,0.5,0.5,0.25,0.25,0.25,0.25,0.25,0.0
kilowattrel,0.0,0.0,0.0,0.0,0.0,0.0,1.0,1.0,1.0,1.0,1.0,1.0,0.0,0.0,0.0,0.0,0.0,0.0
kingler,0.25,0.625,0.0,0.125,0.875,0.0,0.5,1.0,0.625,0.5,1.0,0.625,0.375,0.5,0.25,0.375,0.5,0.0
kirlia,0.5,0.875,0.0,0.25,0.625,0.0,0.625,0.875,0.875,0.625,0.875,0.875,0.375,0.5,0.5,0.375,0.5,0.125
klang,0.0,0.0,0.0,0.5,0.0,0.0,1.0,1.0,1.0,0.0,1.0,1.0,0.5,1.0,1.0,0.5,1.0,0.5
kleavor,1.0,1.0,0.0,1.0,0.0,0.0,1.0,1.0,1.0,1.0,1.0,1.0,0.0,0.0,0.0,0.0,0.0,0.0
klefki,0.5,0.5,0.0,0.5,0.75,0.0,1.0,1.0,1.0,1.0,0.5,1.0,0.5,0.5,0.5,0.5,0.5,0.0
klink,0.25,0.25,0.0,0.25,0.25,0.0,0.25,0.75,0.75,0.5,1.0,0.75,0.25,0.75,0.75,0.25,0.75,0.5
klinklang,0.25,0.5,0.0,0.25,0.5,0.0,0.75,1.0,1.0,0.5,1.0,1.0,0.75,1.0,1.0,0.75,0.75,0.0
koffing,0.125,0.375,0.125,0.125,0.5,0.125,0.25,0.75,0.75,0.5,0.75,0.75,0.375,0.5,0.625,0.375,0.75,0.0
kommo-o,0.3333333333333333,0.3333333333333333,0.0,0.3333333333333333,0.6666666666666666,0.0,1.0,1.0,1.0,1.0,1.0,1.0,0.6666666666666666,0.3333333333333333,0.0,0.3333333333333333,0.3333333333333333,0.0
krabby,0.125,0.25,0.0,0.125,0.25,0.0,0.0,0.375,0.25,0.0,0.375,0.25,0.0,0.0,0.0,0.0,0.0,0.0
kricketot,0.875,1.0,0.25,0.875,1.0,0.5,0.75,1.0,1.0,1.0,1.0,1.0,0.875,0.875,0.875,0.875,0.75,0.0
kricketune,0.625,0.75,0.125,0.625,0.75,0.125,1.0,1.0,1.0,1.0,1.0,1.0,0.625,0.875,0.875,0.625,0.75,0.625
kubfu,0.3333333333333333,0.3333333333333333,0.0,0.3333333333333333,1.0,0.0,0.0,1.0,0.6666666666666666,0.0,1.0,1.0,0.0,0.3333333333333333,0.0,0.0,1.0,0.0
kyurem,0.75,0.75,0.0,0.75,0.5,0.0,0.5,0.75,1.0,0.5,1.0,1.0,0.0,0.5,0.0,0.0,0.25,0.0
lanturn,0.75,0.75,0.125,0.75,0.875,0.125,0.625,0.75,1.0,0.375,0.75,1.0,0.625,0.625,0.375,0.625,0.625,0.0
lapras,0.375,0.375,0.125,0.375,0.375,0.0,0.375,0.625,0.625,0.375,0.5,0.625,0.125,0.375,0.0,0.125,0.25,0.0
larvesta,0.5,0.25,0.0,0.5,0.25,0.0,0.75,0.25,0.75,0.5,0.5,0.75,0.0,0.0,0.25,0.0,0.25,0.0
latias,0.75,0.875,0.375,0.75,0.875,0.375,0.875,0.875,0.875,0.875,0.875,0.875,0.75,0.875,0.875,0.75,0.875,0.5
leafeon,0.5,0.6666666666666666,0.0,0.3333333333333333,0.6666666666666666,0.0,0.8333333333333334,0.8333333333333334,0.8333333333333334,0.8333333333333334,0.8333333333333334,0.8333333333333334,0.6666666666666666,0.6666666666666666,0.3333333333333333,0.6666666666666666,0.5,0.0
leavanny,0.25,0.25,0.0,0.25,0.75,0.0,0.75,0.75,0.75,0.75,0.75,0.75,0.25,0.25,0.5,0.25,0.75,0.0
lechonk,0.0,0.0,0.0,0.0,1.0,0.0,1.0,1.0,1.0,1.0,1.0,1.0,0.0,0.0,0.0,0.0,0.0,0.0
ledian,0.125,0.625,0.0,0.25,0.625,0.0,0.75,1.0,1.0,0.625,0.625,0.75,0.375,0.5,0.625,0.375,0.625,0.125
ledyba,0.5,1.0,0.0,0.5,0.75,0.0,1.0,0.75,1.0,1.0,0.875,0.875,0.75,0.75,0.75,0.75,0.75,0.125
lickilicky,0.0,0.5,0.3333333333333333,0.3333333333333333,0.8333333333333334,0.3333333333333333,0.6666666666666666,0.6666666666666666,0.6666666666666666,0.6666666666666666,0.6666666666666666,0.6666666666666666,0.3333333333333333,0.6666666666666666,0.5,0.3333333333333333,0.5,0.0
lickitung,0.25,0.625,0.375,0.25,0.75,0.125,0.5,1.0,0.875,0.625,1.0,0.875,0.375,0.875,0.5,0.375,0.625,0.0
liepard,0.0,0.0,0.0,0.25,0.75,0.0,0.75,1.0,0.75,0.25,1.0,0.75,0.0,0.0,0.0,0.0,0.0,0.0
linoone,0.75,0.625,0.125,0.75,0.75,0.0,0.25,0.75,0.625,0.375,0.75,0.75,0.375,0.75,0.625,0.375,0.75,0.375
litleo,0.0,0.75,0.0,0.0,0.75,0.0,0.25,0.75,0.75,0.75,0.5,0.25,0.0,0.25,0.25,0.0,0.25,0.0
litten,0.0,0.0,0.0,0.0,1.0,0.0,0.3333333333333333,1.0,1.0,0.6666666666666666,1.0,1.0,0.0,0.0,0.0,0.0,0.0,0.0
litwick,0.5,0.75,0.0,0.5,0.75,0.0,0.75,0.75,0.0,0.75,1.0,0.75,0.75,1.0,0.75,0.75,0.75,0.0
lokix,0.0,1.0,0.0,1.0,0.0,0.0,1.0,1.0,1.0,1.0,1.0,1.0,0.0,0.0,0.0,0.0,0.0,0.0
lombre,0.5,0.75,0.0,0.875,1.0,0.0,0.75,1.0,1.0,0.625,1.0,1.0,0.375,0.5,0.625,0.375,0.875,0.0
lotad,0.25,0.625,0.0,0.25,0.625,0.0,0.625,0.875,0.625,0.375,0.875,0.875,0.25,0.375,0.375,0.25,0.375,0.125
loudred,0.375,0.875,0.0,0.125,1.0,0.0,1.0,1.0,1.0,1.0,1.0,1.0,0.875,1.0,0.875,0.875,0.875,0.5
lucario,0.6666666666666666,1.0,0.0,0.6666666666666666,1.0,0.0,0.8333333333333334,1.0,1.0,0.8333333333333334,1.0,1.0,0.3333333333333333,0.6666666666666666,1.0,0.3333333333333333,0.8333333333333334,0.0
ludicolo,0.625,0.875,0.25,0.625,0.875,0.25,1.0,1.0,1.0,1.0,1.0,1.0,0.875,0.75,0.875,0.875,0.625,0.5
lugia,0.75,1.0,0.375,0.5,1.0,0.0,0.75,1.0,1.0,0.75,0.875,1.0,0.75,0.625,0.25,0.75,0.875,0.0
lumineon,0.75,0.75,0.5,0.75,1.0,0.5,1.0,1.0,1.0,1.0,1.0,1.0,1.0,1.0,1.0,1.0,1.0,1.0
lunala,0.6666666666666666,0.6666666666666666,0.0,0.6666666666666666,0.6666666666666666,0.0,1.0,1.0,1.0,1.0,1.0,1.0,1.0,0.6666666666666666,1.0,1.0,1.0,0.0
lunatone,0.625,0.625,0.25,0.5,0.875,0.0,0.75,0.875,0.875,0.875,0.875,0.875,0.625,0.75,0.75,0.625,0.75,0.5
luvdisc,0.375,0.625,0.0,0.25,0.875,0.0,0.625,1.0,1.0,0.625,1.0,1.0,0.5,0.625,1.0,0.5,0.875,0.625
luxio,0.875,1.0,0.375,0.875,1.0,0.375,1.0,1.0,1.0,1.0,1.0,1.0,1.0,1.0,1.0,1.0,0.75,0.5
luxray,1.0,1.0,0.375,1.0,1.0,0.375,1.0,1.0,1.0,1.0,1.0,1.0,1.0,1.0,1.0,1.0,1.0,0.625
mabosstiff,0.0,0.0,0.0,0.0,1.0,0.0,0.0,1.0,1.0,0.0,1.0,0.0,0.0,1.0,0.0,0.0,0.0,0.0
machamp,0.375,0.5,0.375,0.375,0.5,0.125,0.75,1.0,1.0,0.625,1.0,1.0,0.5,0.875,0.0,0.5,0.875,0.0
machoke,0.375,0.375,0.375,0.375,0.5,0.375,0.25,0.625,0.75,0.25,0.625,0.875,0.25,0.375,0.25,0.25,0.25,0.0
machop,0.125,0.5,0.125,0.125,0.5,0.0,0.75,1.0,1.0,0.75,1.0,1.0,0.75,0.875,0.0,0.625,0.875,0.0
magby,0.25,0.625,0.0,0.25,0.5,0.0,0.25,1.0,0.5,0.25,1.0,0.5,0.25,0.5,0.375,0.25,0.5,0.125
magcargo,0.625,0.875,0.25,0.5,0.875,0.25,0.75,1.0,0.875,0.75,1.0,1.0,0.5,0.625,0.0,0.5,0.625,0.0
magearna,0.0,0.0,0.0,0.0,1.0,0.0,1.0,1.0,1.0,1.0,1.0,1.0,0.6666666666666666,0.3333333333333333,0.0,0.6666666666666666,0.0,0.0
magikarp,0.125,0.625,0.0,0.25,0.625,0.0,0.75,1.0,0.875,0.5,1.0,1.0,0.625,0.875,0.25,0.5,0.75,0.0
magmar,0.25,0.375,0.25,0.25,0.375,0.25,0.375,0.625,0.75,0.375,0.625,0.75,0.25,0.5,0.375,0.25,0.375,0.125
magmortar,0.8333333333333334,0.8333333333333334,0.5,0.6666666666666666,0.8333333333333334,0.3333333333333333,0.8333333333333334,0.8333333333333334,0.8333333333333334,0.8333333333333334,0.8333333333333334,0.8333333333333334,0.5,0.6666666666666666,0.6666666666666666,0.5,0.8333333333333334,0.0
magnemite,0.25,0.25,0.125,0.125,0.375,0.125,0.25,0.5,0.625,0.125,0.75,0.5,0.125,0.375,0.5,0.125,0.375,0.0
magnezone,0.16666666666666666,0.8333333333333334,0.0,0.16666666666666666,1.0,0.0,0.8333333333333334,0.8333333333333334,1.0,0.8333333333333334,0.8333333333333334,1.0,0.6666666666666666,0.6666666666666666,0.6666666666666666,0.6666666666666666,0.6666666666666666,0.0
makuhita,0.25,0.75,0.125,0.375,0.75,0.125,0.5,1.0,0.875,0.5,0.875,0.875,0.875,0.75,1.0,0.875,0.875,0.0
malamar,0.0,0.6666666666666666,0.0,0.3333333333333333,0.3333333333333333,0.0,1.0,1.0,1.0,1.0,1.0,1.0,0.3333333333333333,0.3333333333333333,0.3333333333333333,0.3333333333333333,0.3333333333333333,0.0
mamoswine,0.875,1.0,0.875,0.875,1.0,0.875,0.75,1.0,1.0,0.75,1.0,1.0,1.0,0.75,0.75,1.0,0.875,0.5
manaphy,0.3333333333333333,0.8333333333333334,0.0,0.0,0.8333333333333334,0.0,1.0,1.0,1.0,1.0,1.0,1.0,0.3333333333333333,0.6666666666666666,0.3333333333333333,0.3333333333333333,0.6666666666666666,0.0
manectric,0.5,0.5,0.0,0.625,0.75,0.0,0.5,0.75,0.75,0.5,1.0,0.875,0.375,0.375,0.375,0.375,0.375,0.125
mantine,0.125,0.375,0.0,0.0,0.625,0.0,0.5,0.75,1.0,0.5,1.0,1.0,0.375,0.75,0.125,0.375,0.5,0.25
mantyke,0.3333333333333333,0.5,0.0,0.5,0.8333333333333334,0.0,0.8333333333333334,0.8333333333333334,0.8333333333333334,0.8333333333333334,0.8333333333333334,0.5,0.5,0.5,0.5,0.5,0.6666666666666666,0.0
maractus,0.0,0.0,0.0,0.25,0.5,0.0,0.5,0.5,0.5,0.25,0.5,0.5,0.25,0.25,0.25,0.25,0.0,0.0
mareanie,0.0,0.6666666666666666,0.0,0.0,0.6666666666666666,0.0,0.6666666666666666,0.6666666666666666,0.6666666666666666,0.6666666666666666,0.6666666666666666,0.6666666666666666,0.6666666666666666,0.6666666666666666,0.3333333333333333,0.6666666666666666,0.6666666666666666,0.0
marowak,0.125,0.125,0.0,0.125,0.125,0.0,0.25,0.875,0.75,0.25,0.875,0.75,0.125,0.375,0.125,0.125,0.625,0.0
marshtomp,0.75,0.875,0.25,0.375,0.875,0.0,0.75,0.875,0.875,0.75,0.875,0.875,0.625,0.75,0.375,0.625,0.875,0.0
maschiff,0.0,0.0,0.0,0.0,0.0,0.0,1.0,1.0,1.0,1.0,1.0,0.0,0.0,0.0,0.0,0.0,0.0,0.0
maushold-family-of-four,0.0,0.0,0.0,0.0,0.0,0.0,0.0,1.0,1.0,0.0,0.0,0.0,1.0,0.0,1.0,1.0,1.0,0.0
medicham,0.875,1.0,0.375,0.875,1.0,0.375,1.0,1.0,1.0,0.875,1.0,1.0,0.875,0.625,1.0,0.875,0.75,0.5
meditite,0.75,1.0,0.5,0.75,1.0,0.5,1.0,1.0,1.0,1.0,1.0,1.0,0.75,0.625,0.75,0.75,0.75,0.25
meganium,0.25,0.375,0.125,0.625,0.875,0.125,0.75,0.875,0.875,0.75,0.875,0.75,0.5,0.5,0.0,0.5,0.625,0.0
melmetal,1.0,1.0,0.0,1.0,0.3333333333333333,0.0,1.0,1.0,1.0,0.3333333333333333,1.0,1.0,1.0,1.0,0.0,1.0,1.0,0.0
meloetta-aria,1.0,1.0,0.0,0.75,1.0,0.0,0.5,1.0,1.0,1.0,1.0,1.0,0.75,0.75,0.25,0.75,0.75,0.0
meowscarada,0.0,0.0,0.0,0.0,0.0,0.0,0.0,1.0,0.0,0.0,1.0,0.0,0.0,0.0,0.0,0.0,0.0,0.0
meowth,0.125,0.5,0.125,0.375,0.625,0.0,0.25,0.875,0.5,0.375,0.875,0.625,0.25,0.625,0.0,0.25,0.5,0.0
mesprit,0.6666666666666666,0.8333333333333334,0.0,0.6666666666666666,0.6666666666666666,0.0,0.6666666666666666,1.0,1.0,0.8333333333333334,1.0,1.0,0.6666666666666666,0.6666666666666666,0.3333333333333333,0.6666666666666666,0.8333333333333334,0.0
metagross,0.5,0.625,0.125,0.5,0.625,0.0,0.625,0.875,0.75,0.625,0.875,0.75,0.5,0.625,0.5,0.5,0.625,0.125
metapod,0.125,0.5,0.0,0.375,0.375,0.0,0.5,1.0,0.625,0.5,0.875,0.75,0.375,0.375,0.25,0.375,0.75,0.0
mew,0.125,0.375,0.125,0.125,0.625,0.0,0.25,1.0,0.875,0.25,1.0,0.875,0.5,0.625,0.5,0.5,0.625,0.0
mewtwo,0.25,0.75,0.125,0.375,0.875,0.0,0.5,1.0,1.0,0.5,1.0,1.0,0.5,0.75,0.125,0.5,0.75,0.0
mienfoo,0.5,0.5,0.0,0.25,0.5,0.0,0.0,0.75,0.75,0.25,0.75,0.5,0.25,0.5,0.0,0.25,0.5,0.0
mienshao,0.0,0.5,0.0,0.0,1.0,0.0,0.25,0.25,1.0,0.25,1.0,1.0,0.25,0.5,0.25,0.25,0.5,0.0
milotic,0.5,1.0,0.625,0.5,1.0,0.375,0.5,1.0,1.0,0.5,1.0,1.0,0.5,1.0,0.5,0.5,1.0,0.0
mime-jr,0.5,0.8333333333333334,0.0,0.6666666666666666,1.0,0.0,0.6666666666666666,1.0,1.0,0.6666666666666666,1.0,1.0,0.8333333333333334,0.8333333333333334,1.0,0.8333333333333334,0.8333333333333334,0.0
minccino,0.5,0.5,0.0,0.0,0.75,0.0,0.75,0.75,0.75,0.75,0.75,0.75,0.5,0.5,0.5,0.5,0.5,0.0
minior-red-meteor,0.3333333333333333,1.0,0.0,0.0,1.0,0.0,1.0,1.0,1.0,1.0,1.0,1.0,0.0,1.0,0.6666666666666666,0.0,1.0,0.0
morelull,0.0,0.0,0.0,0.0,0.0,0.0,0.0,0.3333333333333333,0.0,0.0,0.3333333333333333,0.0,0.0,0.0,0.0,0.0,0.0,0.0
morgrem,0.0,0.6666666666666666,0.0,0.3333333333333333,0.6666666666666666,0.0,0.6666666666666666,0.6666666666666666,0.6666666666666666,0.6666666666666666,0.6666666666666666,0.6666666666666666,0.0,0.6666666666666666,0.0,0.0,0.6666666666666666,0.0
morpeko-full-belly,0.3333333333333333,0.6666666666666666,0.0,0.3333333333333333,0.6666666666666666,0.0,0.6666666666666666,0.6666666666666666,0.6666666666666666,0.6666666666666666,0.6666666666666666,0.6666666666666666,0.6666666666666666,0.6666666666666666,0.6666666666666666,0.6666666666666666,0.6666666666666666,0.0
mothim,0.5,0.6666666666666666,0.0,0.5,1.0,0.0,1.0,0.8333333333333334,1.0,0.8333333333333334,0.6666666666666666,1.0,0.16666666666666666,0.6666666666666666,0.3333333333333333,0.16666666666666666,0.6666666666666666,0.0
mr-mime,0.25,0.375,0.25,0.25,0.25,0.0,0.5,0.75,0.75,0.5,0.75,0.75,0.5,0.5,0.25,0.5,0.375,0.0
mr-rime,0.0,0.6666666666666666,0.0,0.0,0.6666666666666666,0.0,0.3333333333333333,1.0,1.0,0.3333333333333333,1.0,1.0,0.3333333333333333,0.6666666666666666,0.3333333333333333,0.3333333333333333,0.6666666666666666,0.0
mudbray,0.3333333333333333,0.3333333333333333,0.0,0.3333333333333333,0.3333333333333333,0.0,0.6666666666666666,0.6666666666666666,0.6666666666666666,0.6666666666666666,0.6666666666666666,0.6666666666666666,0.3333333333333333,0.3333333333333333,0.3333333333333333,0.3333333333333333,0.3333333333333333,0.0
mudsdale,0.3333333333333333,1.0,0.0,0.3333333333333333,1.0,0.0,0.6666666666666666,1.0,1.0,0.3333333333333333,1.0,1.0,1.0,1.0,0.3333333333333333,1.0,1.0,0.0
muk,0.25,0.625,0.125,0.125,0.375,0.25,0.25,0.5,0.25,0.125,0.25,0.25,0.25,0.25,0.25,0.25,0.25,0.0
munchlax,0.6666666666666666,0.8333333333333334,0.0,0.3333333333333333,1.0,0.0,0.8333333333333334,0.8333333333333334,0.8333333333333334,0.8333333333333334,0.8333333333333334,0.8333333333333334,0.8333333333333334,0.8333333333333334,0.6666666666666666,0.8333333333333334,0.8333333333333334,0.0
munna,0.0,0.75,0.25,0.0,0.75,0.0,0.75,1.0,1.0,0.75,1.0,1.0,0.5,0.75,0.75,0.5,1.0,0.25
musharna,0.5,0.75,0.0,0.5,0.75,0.0,0.5,0.5,0.75,0.5,0.5,0.75,0.25,0.5,0.5,0.25,0.75,0.0
naclstack,0.0,0.0,0.0,0.0,1.0,0.0,1.0,1.0,1.0,1.0,1.0,1.0,0.0,0.0,0.0,0.0,0.0,0.0
naganadel,0.3333333333333333,0.6666666666666666,0.0,0.3333333333333333,0.6666666666666666,0.0,1.0,1.0,1.0,1.0,1.0,1.0,0.3333333333333333,0.6666666666666666,0.6666666666666666,0.3333333333333333,0.6666666666666666,0.0
natu,1.0,1.0,0.0,0.5,1.0,0.0,0.625,1.0,0.875,0.625,1.0,1.0,0.375,0.625,0.25,0.375,0.5,0.0
necrozma,0.3333333333333333,0.3333333333333333,0.0,0.3333333333333333,0.3333333333333333,0.0,0.3333333333333333,0.6666666666666666,0.6666666666666666,0.6666666666666666,0.6666666666666666,0.6666666666666666,0.0,0.3333333333333333,0.0,0.0,0.3333333333333333,0.0
nidoking,0.125,0.5,0.25,0.25,0.5,0.375,0.5,0.875,1.0,0.625,0.875,1.0,0.125,0.75,0.0,0.125,0.875,0.0
nidoqueen,0.25,0.875,0.25,0.125,0.625,0.375,0.375,1.0,1.0,0.375,1.0,1.0,0.375,0.625,0.0,0.375,0.5,0.0
nidoran-f,0.25,0.375,0.0,0.25,0.875,0.0,0.25,0.625,0.25,0.25,0.625,0.375,0.625,0.75,0.625,0.625,0.625,0.0
nidoran-m,0.0,0.375,0.125,0.125,0.625,0.0,0.25,0.625,0.5,0.25,0.625,0.5,0.125,0.25,0.25,0.125,0.375,0.0
nihilego,0.0,0.3333333333333333,0.0,0.0,0.3333333333333333,0.0,0.3333333333333333,0.6666666666666666,0.3333333333333333,0.3333333333333333,0.6666666666666666,0.3333333333333333,0.3333333333333333,0.3333333333333333,0.0,0.3333333333333333,0.3333333333333333,0.0
ninetales,0.25,0.25,0.25,0.25,0.25,0.25,0.5,0.625,1.0,0.75,0.625,1.0,0.25,0.375,0.25,0.25,0.375,0.125
noctowl,0.25,1.0,0.0,0.125,1.0,0.0,1.0,1.0,1.0,1.0,1.0,1.0,0.375,0.75,0.25,0.375,0.75,0.0
noibat,0.0,0.3333333333333333,0.0,0.0,0.6666666666666666,0.0,0.6666666666666666,0.6666666666666666,0.6666666666666666,0.6666666666666666,0.6666666666666666,0.6666666666666666,0.0,0.3333333333333333,0.0,0.0,0.3333333333333333,0.0
numel,0.75,1.0,0.25,0.875,1.0,0.375,1.0,1.0,1.0,1.0,1.0,1.0,1.0,1.0,1.0,1.0,1.0,0.25
nymble,0.0,0.0,0.0,0.0,0.0,0.0,0.0,1.0,1.0,1.0,0.0,1.0,0.0,0.0,0.0,0.0,0.0,0.0
obstagoon,0.3333333333333333,0.6666666666666666,0.0,0.3333333333333333,1.0,0.0,1.0,1.0,1.0,1.0,1.0,1.0,1.0,0.6666666666666666,1.0,1.0,0.6666666666666666,0.0
oddish,0.375,0.75,0.0,0.75,0.5,0.0,0.5,0.875,0.75,0.375,0.75,0.625,0.125,0.125,0.0,0.125,0.375,0.0
oinkologne-male,0.0,0.0,0.0,0.0,0.0,0.0,0.0,1.0,1.0,0.0,1.0,1.0,0.0,0.0,0.0,0.0,0.0,0.0
omanyte,0.0,0.5,0.0,0.125,0.5,0.0,0.5,0.75,0.5,0.25,0.75,0.5,0.375,0.625,0.625,0.375,0.625,0.125
onix,0.0,0.375,0.0,0.125,0.75,0.0,0.375,0.75,0.75,0.375,0.75,0.75,0.375,0.625,0.125,0.375,0.625,0.0
oranguru,0.0,0.0,0.0,0.0,1.0,0.0,0.6666666666666666,0.6666666666666666,0.6666666666666666,0.6666666666666666,0.6666666666666666,0.6666666666666666,0.6666666666666666,0.0,0.0,0.6666666666666666,0.6666666666666666,0.0
orbeetle,1.0,1.0,0.0,0.3333333333333333,0.6666666666666666,0.0,1.0,1.0,1.0,1.0,1.0,1.0,0.6666666666666666,0.6666666666666666,0.0,0.6666666666666666,0.6666666666666666,0.0
oricorio-baile,0.3333333333333333,0.0,0.0,0.3333333333333333,0.6666666666666666,0.0,0.3333333333333333,0.6666666666666666,0.6666666666666666,0.3333333333333333,0.6666666666666666,0.6666666666666666,0.0,0.0,0.0,0.0,0.0,0.0
orthworm,0.0,0.0,0.0,0.0,0.0,0.0,0.0,1.0,0.0,0.0,1.0,0.0,0.0,0.0,0.0,0.0,0.0,0.0
oshawott,0.25,0.0,0.0,0.25,0.5,0.0,0.25,0.5,0.5,0.25,0.5,0.5,0.0,0.25,0.0,0.0,0.0,0.0
overqwil,0.0,0.0,0.0,0.0,0.0,0.0,1.0,1.0,1.0,1.0,1.0,1.0,0.0,0.0,0.0,0.0,0.0,0.0
pachirisu,0.875,1.0,0.125,0.75,1.0,0.125,1.0,1.0,1.0,1.0,1.0,1.0,0.875,1.0,0.875,1.0,1.0,0.625
palafin-zero,0.0,0.0,0.0,0.0,0.0,0.0,0.0,0.0,0.0,0.0,0.0,0.0,0.0,0.0,0.0,0.0,0.0,0.0
palkia,0.6666666666666666,0.8333333333333334,0.3333333333333333,0.8333333333333334,0.8333333333333334,0.16666666666666666,0.6666666666666666,1.0,1.0,0.6666666666666666,1.0,1.0,0.8333333333333334,0.8333333333333334,0.3333333333333333,0.8333333333333334,1.0,0.0
palpitoad,0.25,0.5,0.0,0.0,0.5,0.0,0.75,1.0,1.0,0.5,1.0,1.0,0.25,0.25,0.25,0.25,0.5,0.0
pancham,0.25,0.75,0.0,0.5,0.75,0.0,0.5,1.0,0.75,0.5,1.0,0.75,0.75,1.0,0.5,0.75,1.0,0.0
panpour,0.0,0.0,0.0,0.0,0.5,0.0,0.25,1.0,0.5,0.5,1.0,0.25,0.0,0.5,0.25,0.0,0.25,0.0
pansage,1.0,1.0,0.0,1.0,1.0,0.0,0.25,1.0,0.25,0.25,1.0,0.25,0.25,0.5,0.25,0.25,0.5,0.0
pansear,0.5,0.75,0.0,0.5,0.75,0.0,0.25,0.75,0.75,0.25,0.75,0.75,0.5,0.75,0.25,0.5,0.75,0.0
parasect,0.125,0.5,0.25,0.25,0.625,0.125,0.125,0.875,0.75,0.25,0.875,0.75,0.0,0.25,0.25,0.0,0.25,0.125
patrat,0.25,0.75,0.0,0.0,0.75,0.0,0.75,1.0,0.75,0.75,1.0,1.0,0.5,0.5,0.5,0.5,0.5,0.0
pawmi,0.0,1.0,1.0,0.0,0.0,0.0,1.0,1.0,1.0,1.0,1.0,1.0,0.0,0.0,0.0,0.0,0.0,0.0
pawmo,0.0,0.0,0.0,0.0,1.0,0.0,1.0,1.0,1.0,1.0,1.0,1.0,0.0,0.0,0.0,0.0,0.0,0.0
pawmot,0.0,0.0,0.0,0.0,0.0,0.0,0.0,1.0,0.0,0.0,1.0,0.0,0.0,1.0,0.0,0.0,1.0,0.0
pawniard,0.5,1.0,0.0,0.75,0.75,0.0,0.75,1.0,1.0,0.5,1.0,1.0,0.75,0.75,1.0,0.75,1.0,0.0
pelipper,0.125,0.625,0.125,0.125,0.75,0.125,0.875,0.875,0.875,0.875,0.875,0.875,0.5,0.875,0.625,0.5,0.75,0.25
persian,0.5,0.625,0.375,0.5,0.625,0.25,0.125,1.0,1.0,0.25,1.0,1.0,0.25,0.625,0.0,0.25,0.5,0.25
petilil,0.0,0.5,0.0,0.0,0.75,0.0,0.75,1.0,1.0,0.75,1.0,1.0,0.25,0.75,0.75,0.25,1.0,0.0
phanpy,0.5,0.75,0.375,0.5,1.0,0.375,0.5,1.0,0.875,0.375,1.0,1.0,0.375,0.625,0.125,0.375,0.75,0.0
phantump,0.0,0.5,0.0,0.0,0.75,0.0,1.0,0.5,0.5,0.75,0.5,0.5,0.0,0.5,0.0,0.0,0.5,0.0
phione,0.16666666666666666,0.6666666666666666,0.0,0.16666666666666666,0.8333333333333334,0.0,0.3333333333333333,0.8333333333333334,0.5,0.5,0.6666666666666666,0.5,0.3333333333333333,0.3333333333333333,0.5,0.3333333333333333,0.3333333333333333,0.0
pichu,0.625,0.5,0.0,0.625,0.75,0.0,0.25,0.75,0.5,0.25,0.75,0.5,0.125,0.625,0.375,0.125,0.375,0.125
pidgeotto,0.5,0.5,0.0,0.375,0.75,0.0,0.625,1.0,1.0,0.625,1.0,1.0,0.625,0.75,0.375,0.625,0.75,0.0
pidgey,0.125,0.375,0.0,0.0,0.25,0.0,0.5,0.75,0.625,0.375,0.75,0.625,0.375,0.375,0.0,0.375,0.375,0.0
pignite,0.0,0.5,0.0,0.25,0.25,0.0,0.5,0.5,0.5,0.25,0.5,0.5,0.0,0.0,0.0,0.0,0.0,0.0
pikachu,0.25,0.625,0.0,0.25,0.625,0.0,0.5,0.625,0.875,0.25,0.875,0.875,0.5,0.875,0.25,0.5,0.625,0.0
piloswine,0.0,0.625,0.0,0.125,0.625,0.0,0.625,0.875,0.75,0.625,0.875,0.75,0.25,0.75,0.375,0.25,0.625,0.0
pineco,0.375,0.75,0.25,0.625,0.875,0.0,0.375,0.625,0.625,0.625,0.625,0.625,0.5,0.75,0.625,0.375,0.75,0.0
pinsir,0.375,0.625,0.25,0.375,0.625,0.0,0.25,0.625,0.625,0.25,0.625,0.5,0.375,0.375,0.5,0.375,0.625,0.0
piplup,0.3333333333333333,0.6666666666666666,0.0,0.5,0.8333333333333334,0.0,0.3333333333333333,0.8333333333333334,0.8333333333333334,0.3333333333333333,0.8333333333333334,0.8333333333333334,0.5,0.5,0.5,0.5,0.5,0.5
plusle,0.5,0.875,0.0,0.625,0.875,0.0,1.0,1.0,1.0,1.0,1.0,1.0,0.625,0.875,0.875,0.625,0.75,0.125
poipole,0.3333333333333333,0.3333333333333333,0.0,0.3333333333333333,0.3333333333333333,0.0,0.6666666666666666,1.0,1.0,0.6666666666666666,0.6666666666666666,1.0,0.0,0.3333333333333333,0.0,0.0,0.3333333333333333,0.0
politoed,0.375,1.0,0.125,0.25,1.0,0.125,0.75,0.875,0.875,0.75,0.875,0.875,0.625,0.875,0.5,0.625,0.75,0.0
poliwag,0.5,0.5,0.125,0.375,0.625,0.0,0.625,0.75,0.75,0.625,0.75,0.75,0.5,0.625,0.375,0.5,0.75,0.125
poliwrath,0.0,0.0,0.0,0.0,0.125,0.0,0.125,0.625,0.75,0.125,0.625,0.625,0.125,0.5,0.25,0.125,0.5,0.0
ponyta,0.125,0.5,0.125,0.125,0.5,0.0,0.625,0.625,0.75,0.625,0.75,0.625,0.375,0.375,0.125,0.375,0.375,0.0
porygon,0.125,0.5,0.0,0.25,0.625,0.0,0.25,0.75,0.625,0.25,0.75,0.625,0.375,0.5,0.375,0.375,0.375,0.0
porygon-z,0.5,0.6666666666666666,0.0,0.3333333333333333,1.0,0.0,0.8333333333333334,0.8333333333333334,0.8333333333333334,0.8333333333333334,0.8333333333333334,0.8333333333333334,0.3333333333333333,0.5,0.6666666666666666,0.3333333333333333,0.8333333333333334,0.0
prinplup,0.0,0.6666666666666666,0.0,0.16666666666666666,0.8333333333333334,0.0,0.16666666666666666,0.8333333333333334,0.8333333333333334,0.16666666666666666,0.8333333333333334,0.8333333333333334,0.3333333333333333,0.5,0.5,0.3333333333333333,0.5,0.0
probopass,0.5,0.8333333333333334,0.3333333333333333,0.3333333333333333,0.8333333333333334,0.3333333333333333,1.0,1.0,1.0,1.0,1.0,1.0,0.8333333333333334,1.0,0.5,0.8333333333333334,0.8333333333333334,0.16666666666666666
psyduck,0.25,0.375,0.25,0.25,0.875,0.25,0.5,0.75,0.75,0.5,0.75,0.75,0.375,0.375,0.0,0.25,0.375,0.0
pumpkaboo-average,0.25,0.25,0.0,0.25,0.5,0.0,0.25,0.5,0.75,0.5,0.75,0.5,0.0,0.25,0.25,0.0,0.25,0.25
pupitar,0.25,0.625,0.125,0.25,1.0,0.125,0.625,0.875,0.75,0.625,0.875,0.875,0.25,0.75,0.25,0.25,0.375,0.0
purugly,0.0,0.6666666666666666,0.0,0.0,0.8333333333333334,0.0,0.16666666666666666,0.6666666666666666,0.6666666666666666,0.5,0.6666666666666666,0.6666666666666666,0.16666666666666666,0.8333333333333334,0.5,0.16666666666666666,0.6666666666666666,0.0
pyukumuku,0.0,0.0,0.0,0.0,0.0,0.0,0.0,0.3333333333333333,0.0,0.0,0.3333333333333333,0.0,0.0,0.0,0.3333333333333333,0.0,0.3333333333333333,0.0
quagsire,0.625,1.0,0.375,0.5,1.0,0.125,0.625,1.0,0.875,0.625,1.0,0.875,0.625,0.75,0.375,0.625,0.875,0.0
quaquaval,0.0,0.0,0.0,0.0,0.0,0.0,1.0,1.0,1.0,1.0,1.0,1.0,0.0,0.0,0.0,0.0,0.0,0.0
quaxly,0.0,0.0,0.0,0.0,1.0,0.0,1.0,1.0,1.0,1.0,0.0,1.0,0.0,0.0,0.0,0.0,0.0,0.0
quilava,0.125,0.625,0.125,0.125,0.625,0.0,0.375,0.75,0.75,0.5,0.75,0.75,0.625,0.625,0.25,0.625,0.625,0.0
quilladin,0.25,0.5,0.0,0.0,0.25,0.0,1.0,1.0,1.0,1.0,1.0,1.0,0.0,0.25,0.25,0.0,0.25,0.0
qwilfish,0.125,0.625,0.0,0.5,0.875,0.0,0.5,0.875,0.75,0.75,0.875,0.75,0.375,0.5,0.25,0.375,0.5,0.0
raichu,0.125,0.625,0.0,0.0,0.875,0.0,0.25,0.875,0.875,0.375,0.875,0.875,0.125,0.625,0.0,0.125,0.625,0.0
raikou,0.0,0.75,0.0,0.0,0.875,0.0,0.625,1.0,0.875,0.75,1.0,0.875,0.125,0.5,0.125,0.125,0.625,0.0
ralts,0.625,0.875,0.0,0.75,1.0,0.0,0.5,1.0,1.0,0.375,1.0,1.0,0.75,1.0,0.625,0.75,1.0,0.5
rapidash,0.25,0.5,0.25,0.25,0.5,0.0,0.0,0.875,0.75,0.0,1.0,0.875,0.25,0.625,0.0,0.25,0.5,0.0
raticate,0.0,0.5,0.0,0.0,0.625,0.0,0.625,0.875,0.625,0.625,1.0,0.75,0.625,0.75,0.375,0.625,0.625,0.0
rattata,0.0,0.625,0.0,0.125,0.75,0.0,0.75,1.0,0.875,0.75,1.0,1.0,0.375,0.75,0.125,0.375,0.875,0.0
rayquaza,0.5,1.0,0.25,0.375,0.75,0.125,0.625,0.875,0.875,0.75,0.875,0.875,0.5,0.625,0.625,0.5,0.75,0.25
regidrago,0.6666666666666666,0.6666666666666666,0.0,0.6666666666666666,0.6666666666666666,0.0,0.6666666666666666,0.6666666666666666,0.6666666666666666,0.6666666666666666,0.6666666666666666,0.6666666666666666,0.6666666666666666,0.6666666666666666,0.6666666666666666,0.6666666666666666,0.6666666666666666,0.0
regieleki,0.6666666666666666,0.6666666666666666,0.0,0.6666666666666666,0.6666666666666666,0.0,0.6666666666666666,0.6666666666666666,0.6666666666666666,0.6666666666666666,0.6666666666666666,0.6666666666666666,0.6666666666666666,0.6666666666666666,0.6666666666666666,0.6666666666666666,0.6666666666666666,0.0
regigigas,0.6666666666666666,0.8333333333333334,0.16666666666666666,0.3333333333333333,0.8333333333333334,0.0,0.5,0.8333333333333334,0.8333333333333334,0.8333333333333334,0.8333333333333334,0.8333333333333334,0.8333333333333334,0.8333333333333334,0.6666666666666666,0.8333333333333334,0.8333333333333334,0.0
regirock,0.625,0.875,0.375,0.625,1.0,0.25,0.875,1.0,0.875,0.875,1.0,1.0,0.625,1.0,1.0,0.625,1.0,0.75
registeel,0.375,0.875,0.25,0.625,0.875,0.125,0.875,1.0,0.875,0.875,0.875,0.875,0.5,0.75,0.625,0.5,0.625,0.125
relicanth,0.5,0.75,0.0,0.5,0.875,0.0,0.75,1.0,1.0,1.0,1.0,1.0,0.375,0.5,0.375,0.375,0.5,0.25
rellor,0.0,0.0,0.0,0.0,0.0,0.0,0.0,0.0,0.0,0.0,0.0,0.0,0.0,0.0,0.0,0.0,0.0,0.0
remoraid,0.25,0.5,0.0,0.375,0.5,0.0,0.75,0.875,1.0,0.75,1.0,0.875,0.5,0.5,0.0,0.5,0.5,0.0
revavroom,0.0,0.0,0.0,0.0,0.0,0.0,1.0,1.0,1.0,1.0,1.0,1.0,0.0,0.0,0.0,0.0,0.0,0.0
rhydon,0.375,0.5,0.125,0.375,0.75,0.25,0.5,0.875,0.875,0.75,0.875,1.0,0.5,0.5,0.25,0.5,0.75,0.0
rhyhorn,0.25,0.75,0.125,0.375,0.75,0.0,0.625,1.0,0.875,0.625,1.0,1.0,0.375,0.625,0.25,0.25,0.5,0.0
rhyperior,0.75,0.75,0.625,0.75,0.75,0.5,1.0,1.0,1.0,1.0,1.0,1.0,0.875,0.75,0.75,0.875,0.875,0.5
ribombee,0.0,0.0,0.0,0.0,0.0,0.0,0.0,1.0,1.0,0.3333333333333333,1.0,0.6666666666666666,0.0,0.3333333333333333,0.3333333333333333,0.0,0.6666666666666666,0.0
rillaboom,0.6666666666666666,0.6666666666666666,0.0,1.0,0.6666666666666666,0.0,0.0,1.0,1.0,0.0,1.0,1.0,0.6666666666666666,0.6666666666666666,0.0,0.6666666666666666,0.6666666666666666,0.0
riolu,0.8333333333333334,0.8333333333333334,0.0,0.6666666666666666,1.0,0.0,0.3333333333333333,1.0,1.0,0.3333333333333333,1.0,1.0,0.6666666666666666,0.5,1.0,0.6666666666666666,0.5,0.0
rockruff,0.0,0.6666666666666666,0.0,0.0,0.6666666666666666,0.0,0.0,0.6666666666666666,0.6666666666666666,0.0,0.6666666666666666,0.6666666666666666,0.6666666666666666,0.6666666666666666,0.3333333333333333,0.6666666666666666,0.6666666666666666,0.0
rolycoly,0.3333333333333333,0.6666666666666666,0.0,0.3333333333333333,1.0,0.0,0.6666666666666666,1.0,0.6666666666666666,0.0,1.0,0.6666666666666666,0.3333333333333333,0.6666666666666666,0.6666666666666666,0.3333333333333333,0.6666666666666666,0.0
roselia,0.875,1.0,0.25,0.75,0.875,0.125,1.0,1.0,1.0,1.0,1.0,1.0,0.625,1.0,0.75,0.625,0.875,0.25
roserade,0.375,1.0,0.125,0.375,1.0,0.125,1.0,1.0,1.0,1.0,1.0,1.0,0.75,0.875,1.0,0.75,0.875,0.25
rotom,0.8333333333333334,0.8333333333333334,0.0,0.8333333333333334,0.8333333333333334,0.0,0.8333333333333334,0.8333333333333334,0.8333333333333334,0.8333333333333334,0.8333333333333334,0.8333333333333334,0.5,0.8333333333333334,0.8333333333333334,0.5,0.8333333333333334,0.5
rowlet,0.0,0.3333333333333333,0.0,0.0,0.3333333333333333,0.0,0.3333333333333333,0.6666666666666666,0.3333333333333333,0.3333333333333333,0.6666666666666666,0.3333333333333333,0.6666666666666666,0.3333333333333333,0.3333333333333333,0.6666666666666666,0.3333333333333333,0.0
rufflet,0.0,1.0,0.0,0.75,1.0,0.0,1.0,1.0,1.0,1.0,1.0,1.0,0.25,1.0,0.75,0.25,1.0,0.0
salamence,0.625,0.875,0.25,0.5,0.875,0.125,0.875,1.0,1.0,0.875,1.0,1.0,0.75,0.625,0.75,0.75,0.875,0.25
salandit,0.0,0.0,0.0,0.0,0.3333333333333333,0.0,0.3333333333333333,0.3333333333333333,0.3333333333333333,0.0,0.3333333333333333,0.3333333333333333,0.0,0.0,0.0,0.0,0.0,0.0
salazzle,0.0,0.6666666666666666,0.0,0.0,1.0,0.0,1.0,1.0,1.0,0.6666666666666666,1.0,1.0,0.6666666666666666,0.6666666666666666,0.6666666666666666,0.6666666666666666,0.6666666666666666,0.0
samurott,0.25,0.25,0.0,0.5,1.0,0.0,0.5,0.75,0.75,0.75,0.75,0.75,0.0,0.25,0.25,0.0,0.25,0.0
sandaconda,0.3333333333333333,0.3333333333333333,0.0,0.3333333333333333,0.3333333333333333,0.0,0.3333333333333333,0.3333333333333333,0.3333333333333333,0.3333333333333333,0.3333333333333333,0.3333333333333333,0.3333333333333333,0.3333333333333333,0.0,0.3333333333333333,0.3333333333333333,0.0
sandile,0.25,0.25,0.0,0.25,1.0,0.0,0.25,0.25,0.25,0.25,0.25,0.25,0.25,0.25,0.25,0.25,0.25,0.0
sandshrew,0.0,0.125,0.125,0.125,0.375,0.0,0.25,0.5,0.25,0.25,0.5,0.25,0.25,0.25,0.25,0.25,0.25,0.0
sandy-shocks,0.0,0.0,0.0,0.0,1.0,0.0,1.0,1.0,1.0,0.0,1.0,1.0,0.0,0.0,0.0,0.0,0.0,0.0
sandygast,0.0,0.3333333333333333,0.0,0.0,0.3333333333333333,0.0,0.3333333333333333,1.0,1.0,0.3333333333333333,1.0,1.0,0.3333333333333333,0.3333333333333333,0.3333333333333333,0.3333333333333333,0.3333333333333333,0.0
sawk,0.75,0.75,0.0,0.75,1.0,0.0,0.25,1.0,1.0,0.25,0.75,1.0,0.25,0.75,0.75,0.25,0.75,0.0
sawsbuck,0.5,0.5,0.0,0.5,0.75,0.0,0.75,0.75,0.75,0.75,0.75,0.75,0.0,0.5,0.5,0.0,0.75,0.0
scatterbug,0.0,0.3333333333333333,0.0,0.0,0.6666666666666666,0.0,0.6666666666666666,0.6666666666666666,0.6666666666666666,0.3333333333333333,0.6666666666666666,0.3333333333333333,0.0,0.3333333333333333,0.0,0.0,0.3333333333333333,0.0
scizor,0.25,0.625,0.125,0.375,0.625,0.0,0.875,1.0,1.0,0.375,1.0,1.0,0.25,0.375,0.25,0.25,0.5,0.0
scolipede,0.25,1.0,0.0,0.25,1.0,0.0,0.5,1.0,1.0,1.0,1.0,1.0,0.0,0.75,0.5,0.0,0.75,0.0
scorbunny,0.0,1.0,0.0,0.0,1.0,0.0,1.0,1.0,1.0,1.0,1.0,1.0,1.0,1.0,1.0,1.0,1.0,0.0
scovillain,0.0,0.0,0.0,0.0,1.0,0.0,1.0,0.0,1.0,1.0,1.0,1.0,0.0,0.0,0.0,0.0,0.0,0.0
scrafty,0.25,0.5,0.0,0.25,0.5,0.0,0.5,0.5,0.5,0.5,0.5,0.5,0.0,0.25,0.0,0.0,0.25,0.0
scraggy,0.5,0.25,0.0,0.5,0.75,0.0,0.25,1.0,1.0,0.25,1.0,1.0,0.25,0.25,0.25,0.25,0.5,0.0
scream-tail,0.0,0.0,0.0,0.0,0.0,0.0,1.0,1.0,1.0,0.0,1.0,1.0,0.0,1.0,0.0,0.0,1.0,0.0
seadra,0.375,0.625,0.125,0.375,0.625,0.25,0.25,1.0,1.0,0.25,1.0,1.0,0.375,0.375,0.125,0.375,0.375,0.0
seaking,0.25,0.625,0.0,0.5,0.625,0.0,0.625,1.0,1.0,0.625,1.0,1.0,0.625,1.0,0.75,0.625,1.0,0.0
sealeo,0.25,1.0,0.0,0.5,1.0,0.0,0.75,1.0,1.0,0.75,1.0,1.0,1.0,1.0,1.0,1.0,1.0,0.375
seedot,0.25,0.75,0.125,0.25,0.75,0.0,0.625,0.875,0.75,0.5,0.875,0.875,0.375,0.625,0.375,0.375,0.625,0.0
seel,0.0,0.375,0.125,0.0,0.625,0.0,0.25,0.875,0.625,0.25,0.875,0.75,0.25,0.5,0.25,0.25,0.625,0.0
seismitoad,0.0,0.75,0.0,0.0,0.75,0.0,0.75,1.0,1.0,0.75,1.0,1.0,0.75,0.75,0.25,0.75,0.75,0.0
sentret,0.25,0.25,0.0,0.25,0.75,0.0,0.5,0.875,0.875,0.375,0.875,0.875,0.625,0.125,0.5,0.625,0.5,0.0
serperior,0.25,0.5,0.0,0.5,1.0,0.0,0.75,1.0,1.0,0.5,1.0,1.0,0.25,0.25,0.25,0.0,0.5,0.0
servine,0.25,0.5,0.0,0.5,0.75,0.0,1.0,1.0,1.0,1.0,1.0,1.0,0.5,0.5,0.5,0.5,0.5,0.0
seviper,0.625,0.75,0.5,0.625,0.75,0.25,0.5,0.875,1.0,0.625,0.875,1.0,0.375,0.625,0.75,0.375,0.875,0.5
sharpedo,0.5,1.0,0.0,0.625,1.0,0.125,1.0,1.0,1.0,1.0,1.0,1.0,0.75,0.875,0.875,0.75,1.0,0.25
shaymin-land,0.8333333333333334,0.8333333333333334,0.0,0.5,1.0,0.0,0.8333333333333334,1.0,1.0,0.8333333333333334,1.0,1.0,0.8333333333333334,0.8333333333333334,0.8333333333333334,0.8333333333333334,0.8333333333333334,0.16666666666666666
shelgon,0.625,0.625,0.375,0.5,0.5,0.125,0.5,0.875,0.875,0.375,0.875,0.875,0.375,0.75,0.375,0.375,0.625,0.25
shellder,0.0,0.125,0.0,0.0,0.25,0.0,0.125,0.375,0.375,0.125,0.5,0.375,0.125,0.125,0.25,0.125,0.25,0.0
shellos,0.6666666666666666,0.6666666666666666,0.0,0.5,0.8333333333333334,0.0,0.6666666666666666,1.0,0.6666666666666666,0.6666666666666666,1.0,1.0,0.6666666666666666,0.6666666666666666,0.6666666666666666,0.6666666666666666,0.8333333333333334,0.0
shelmet,0.0,0.5,0.0,0.0,0.5,0.0,0.5,0.75,0.75,0.5,0.75,0.75,0.25,0.5,0.5,0.25,0.5,0.0
shieldon,0.16666666666666666,0.6666666666666666,0.0,0.3333333333333333,0.6666666666666666,0.0,0.5,0.5,0.8333333333333334,0.8333333333333334,0.8333333333333334,0.8333333333333334,0.5,0.5,0.3333333333333333,0.5,0.8333333333333334,0.0
shiftry,0.5,0.625,0.375,0.5,0.875,0.375,0.625,1.0,1.0,0.625,1.0,1.0,0.5,0.625,0.5,0.5,0.75,0.375
shiinotic,0.0,0.6666666666666666,0.0,0.0,0.6666666666666666,0.0,0.6666666666666666,1.0,1.0,0.6666666666666666,1.0,1.0,0.3333333333333333,0.6666666666666666,0.0,0.3333333333333333,0.6666666666666666,0.0
shinx,1.0,1.0,0.625,1.0,1.0,0.25,1.0,1.0,1.0,1.0,1.0,1.0,1.0,1.0,1.0,1.0,1.0,0.375
shroodle,0.0,0.0,0.0,0.0,0.0,0.0,0.0,0.0,0.0,0.0,0.0,0.0,0.0,0.0,0.0,0.0,1.0,0.0
shroomish,0.375,0.625,0.0,0.375,0.75,0.0,0.375,1.0,0.875,0.5,0.875,0.875,0.5,0.75,0.625,0.5,0.875,0.0
shuckle,0.75,1.0,0.0,0.875,1.0,0.0,0.625,0.75,1.0,0.625,1.0,1.0,0.75,0.75,0.375,0.75,0.75,0.0
shuppet,0.125,0.125,0.0,0.625,0.875,0.0,0.25,0.625,0.375,0.25,0.625,0.5,0.375,0.25,0.5,0.375,0.25,0.375
sigilyph,0.0,0.0,0.0,0.0,0.5,0.0,1.0,1.0,1.0,1.0,0.75,1.0,1.0,0.75,1.0,1.0,1.0,0.0
silicobra,0.3333333333333333,1.0,0.0,0.6666666666666666,1.0,0.0,0.3333333333333333,1.0,0.6666666666666666,0.3333333333333333,1.0,0.6666666666666666,1.0,1.0,0.6666666666666666,1.0,1.0,0.0
simipour,0.25,0.25,0.0,0.25,0.25,0.0,0.5,0.75,0.75,0.5,0.5,0.5,0.25,0.25,0.25,0.25,0.25,0.0
simisage,0.25,0.5,0.0,0.0,0.5,0.0,0.5,0.5,0.5,0.5,0.75,0.5,0.5,0.5,0.5,0.5,0.5,0.0
simisear,0.25,0.5,0.0,0.5,1.0,0.0,0.75,1.0,1.0,1.0,1.0,1.0,0.75,1.0,1.0,0.75,1.0,0.0
sirfetchd,0.0,0.6666666666666666,0.0,0.6666666666666666,1.0,0.0,0.3333333333333333,1.0,1.0,0.3333333333333333,1.0,1.0,0.0,0.6666666666666666,0.0,0.0,0.6666666666666666,0.0
sizzlipede,0.6666666666666666,0.6666666666666666,0.0,0.6666666666666666,1.0,0.0,1.0,1.0,1.0,0.6666666666666666,1.0,1.0,0.6666666666666666,0.6666666666666666,0.3333333333333333,0.6666666666666666,0.6666666666666666,0.0
skarmory,0.375,0.875,0.0,0.25,0.875,0.0,0.5,1.0,1.0,0.5,0.875,1.0,0.75,0.75,0.125,0.75,0.875,0.0
skeledirge,0.0,1.0,0.0,0.0,1.0,0.0,0.0,1.0,0.0,0.0,1.0,1.0,0.0,1.0,0.0,0.0,1.0,0.0
skiddo,0.0,0.5,0.0,0.0,0.75,0.0,0.5,0.75,0.5,0.5,0.75,0.5,0.0,0.25,0.25,0.0,0.25,0.0
skiploom,0.625,0.875,0.0,0.75,0.875,0.0,0.75,0.875,0.875,0.75,0.875,0.875,0.5,1.0,0.25,0.5,0.75,0.0
skorupi,0.6666666666666666,0.6666666666666666,0.0,0.6666666666666666,0.8333333333333334,0.0,0.5,1.0,1.0,0.5,1.0,1.0,0.5,0.8333333333333334,0.6666666666666666,0.5,0.6666666666666666,0.0
skrelp,0.5,0.75,0.0,0.5,0.75,0.0,0.5,1.0,1.0,0.5,1.0,1.0,0.5,0.75,0.75,0.5,0.75,0.0
slaking,0.25,1.0,0.625,0.375,0.875,0.25,0.875,0.75,1.0,0.875,0.75,1.0,0.5,0.625,0.625,0.5,0.875,0.25
slakoth,0.25,0.875,0.0,0.375,0.875,0.0,0.875,1.0,0.875,0.875,1.0,0.875,0.5,0.625,0.5,0.5,0.625,0.125
sliggoo,0.0,0.3333333333333333,0.0,0.0,0.6666666666666666,0.0,0.6666666666666666,0.6666666666666666,0.6666666666666666,0.6666666666666666,0.6666666666666666,0.6666666666666666,0.6666666666666666,0.6666666666666666,0.6666666666666666,0.6666666666666666,0.6666666666666666,0.0
slither-wing,0.0,0.0,0.0,0.0,0.0,0.0,1.0,1.0,1.0,1.0,1.0,1.0,0.0,0.0,0.0,0.0,0.0,0.0
slowbro,0.125,0.375,0.0,0.125,0.375,0.125,0.375,0.75,0.75,0.375,0.75,0.75,0.25,0.5,0.25,0.25,0.625,0.0
slowking,0.625,1.0,0.0,0.625,0.625,0.0,0.75,1.0,1.0,0.75,1.0,1.0,0.5,0.875,0.125,0.5,0.875,0.0
slowpoke,0.25,0.5,0.0,0.25,0.625,0.125,0.5,1.0,0.75,0.5,1.0,0.875,0.375,0.5,0.25,0.375,0.5,0.0
slugma,0.125,0.375,0.0,0.125,0.625,0.0,0.75,1.0,0.875,0.625,1.0,0.875,0.25,0.5,0.125,0.25,0.5,0.0
slurpuff,0.0,1.0,0.0,0.0,0.75,0.0,1.0,1.0,1.0,1.0,1.0,1.0,0.25,0.75,0.75,0.25,0.75,0.0
smoliv,0.0,0.0,0.0,0.0,0.0,0.0,1.0,1.0,1.0,0.0,1.0,1.0,0.0,0.0,0.0,0.0,0.0,0.0
smoochum,0.375,0.5,0.0,0.375,0.75,0.0,0.5,0.75,0.5,0.5,0.75,0.625,0.25,0.375,0.25,0.375,0.375,0.0
sneasler,0.0,0.0,0.0,0.0,0.0,0.0,0.0,0.0,0.0,0.0,0.0,0.0,0.0,0.0,0.0,0.0,0.0,0.0
snivy,0.5,0.5,0.0,0.5,0.5,0.0,0.75,0.75,0.25,0.75,0.75,0.25,0.25,0.5,0.5,0.25,0.5,0.0
snom,0.0,0.6666666666666666,0.0,0.6666666666666666,1.0,0.0,0.0,1.0,0.6666666666666666,0.0,1.0,0.6666666666666666,0.6666666666666666,1.0,1.0,0.6666666666666666,1.0,0.0
snorlax,0.125,0.5,0.125,0.125,0.375,0.0,0.5,0.875,0.875,0.25,0.875,0.875,0.375,0.5,0.375,0.375,0.625,0.125
snover,0.375,0.875,0.375,0.375,1.0,0.375,1.0,1.0,1.0,1.0,1.0,1.0,0.875,0.875,0.75,0.875,0.75,0.75
snubbull,0.375,0.75,0.375,0.5,1.0,0.0,0.625,1.0,0.875,0.5,1.0,0.875,0.375,0.75,0.375,0.375,1.0,0.125
sobble,0.0,1.0,0.0,0.0,1.0,0.0,1.0,1.0,0.6666666666666666,1.0,1.0,1.0,0.0,1.0,0.3333333333333333,0.0,1.0,0.0
solgaleo,0.3333333333333333,0.6666666666666666,0.0,0.3333333333333333,0.6666666666666666,0.0,0.6666666666666666,1.0,1.0,0.6666666666666666,1.0,1.0,0.0,0.6666666666666666,0.0,0.0,0.6666666666666666,0.0
spearow,0.0,0.375,0.0,0.0,0.25,0.0,0.125,0.75,0.625,0.375,0.75,0.625,0.125,0.375,0.125,0.125,0.625,0.0
spectrier,0.0,0.3333333333333333,0.0,0.3333333333333333,0.3333333333333333,0.0,0.3333333333333333,0.6666666666666666,0.6666666666666666,0.3333333333333333,0.6666666666666666,0.6666666666666666,0.3333333333333333,0.3333333333333333,0.3333333333333333,0.3333333333333333,0.6666666666666666,0.0
spewpa,0.25,0.75,0.0,0.25,1.0,0.0,0.75,1.0,0.75,0.75,0.75,0.75,0.25,0.75,0.75,0.25,0.75,0.0
spheal,0.625,0.625,0.0,0.375,0.75,0.0,0.75,0.875,0.875,0.75,0.875,0.875,0.625,0.75,0.625,0.625,0.875,0.125
spinarak,0.5,1.0,0.0,0.5,1.0,0.0,0.5,0.5,0.5,0.5,0.5,0.5,0.375,0.5,0.625,0.375,0.625,0.5
spinda,0.5,1.0,0.0,0.5,1.0,0.0,0.625,1.0,1.0,0.875,1.0,1.0,0.5,0.875,0.625,0.5,0.875,0.125
spiritomb,0.3333333333333333,0.6666666666666666,0.16666666666666666,0.5,0.8333333333333334,0.16666666666666666,0.8333333333333334,1.0,1.0,0.8333333333333334,0.8333333333333334,1.0,0.0,0.6666666666666666,0.6666666666666666,0.0,0.5,0.3333333333333333
spoink,0.125,0.25,0.0,0.0,0.875,0.0,0.75,0.875,0.75,0.75,0.75,0.75,0.375,0.25,0.5,0.375,0.375,0.125
squawkabilly-green-plumage,0.0,0.0,0.0,0.0,1.0,0.0,0.0,1.0,0.0,0.0,1.0,0.0,0.0,0.0,0.0,0.0,0.0,0.0
squirtle,0.125,0.375,0.0,0.25,0.375,0.0,0.5,0.75,0.5,0.375,0.75,0.5,0.25,0.375,0.125,0.25,0.375,0.0
staraptor,0.625,0.875,0.0,0.625,0.875,0.0,0.625,1.0,1.0,0.625,1.0,1.0,0.625,0.75,0.625,0.625,0.625,0.5
staravia,0.875,1.0,0.25,1.0,1.0,0.125,1.0,1.0,1.0,1.0,1.0,1.0,1.0,1.0,1.0,1.0,1.0,0.75
starmie,0.0,0.5,0.0,0.0,0.5,0.0,0.625,0.875,0.875,0.5,0.875,0.75,0.5,0.75,0.25,0.5,0.625,0.0
staryu,0.25,0.375,0.125,0.25,0.5,0.0,0.5,0.875,0.625,0.5,0.875,0.75,0.375,0.625,0.25,0.25,0.75,0.0
steelix,0.5,1.0,0.25,0.625,1.0,0.0,0.75,1.0,1.0,0.75,1.0,1.0,0.5,1.0,0.25,0.5,1.0,0.0
stonjourner,0.0,1.0,0.0,0.0,1.0,0.0,1.0,1.0,1.0,1.0,1.0,1.0,0.3333333333333333,1.0,0.0,0.3333333333333333,1.0,0.0
stoutland,0.0,0.5,0.0,0.25,0.5,0.0,0.25,0.75,0.5,0.25,0.75,0.75,0.25,0.25,0.5,0.25,0.5,0.0
stufful,0.0,0.6666666666666666,0.0,0.0,0.6666666666666666,0.0,0.6666666666666666,1.0,1.0,0.6666666666666666,1.0,1.0,0.6666666666666666,1.0,0.6666666666666666,0.6666666666666666,0.6666666666666666,0.0
stunfisk,0.25,0.75,0.0,0.0,0.5,0.0,0.5,0.75,0.75,0.5,0.75,0.75,0.25,0.25,0.25,0.25,0.5,0.0
stunky,0.0,1.0,0.3333333333333333,0.3333333333333333,1.0,0.0,0.16666666666666666,1.0,1.0,0.16666666666666666,1.0,1.0,0.3333333333333333,0.8333333333333334,0.5,0.3333333333333333,0.8333333333333334,0.0
sudowoodo,0.25,0.75,0.0,0.25,1.0,0.0,0.5,0.75,0.75,0.5,0.75,0.75,0.375,0.625,0.5,0.375,0.625,0.25
suicune,0.375,0.75,0.125,0.5,0.875,0.0,0.625,1.0,1.0,0.625,1.0,1.0,0.375,0.5,0.25,0.375,0.375,0.125
sunflora,0.5,0.875,0.25,0.625,0.875,0.375,0.75,1.0,1.0,0.75,1.0,1.0,0.625,1.0,0.5,0.625,0.875,0.125
sunkern,0.375,0.875,0.0,0.5,0.875,0.0,0.625,0.875,0.5,0.625,0.875,0.625,0.375,0.75,0.25,0.25,0.75,0.0
surskit,0.5,0.75,0.0,0.5,0.75,0.0,0.75,0.875,0.875,0.5,0.875,0.875,0.25,0.875,0.75,0.25,0.875,0.25
swadloon,0.25,0.5,0.0,0.5,0.5,0.0,0.5,0.75,0.75,0.5,0.75,0.75,0.0,0.75,0.25,0.0,0.5,0.0
swalot,1.0,1.0,0.75,1.0,1.0,0.5,1.0,1.0,1.0,0.875,1.0,1.0,0.75,1.0,0.75,0.75,0.875,0.75
swampert,0.125,1.0,0.125,0.25,0.875,0.125,0.625,1.0,1.0,0.375,1.0,1.0,0.125,0.75,0.75,0.125,0.75,0.0
swanna,0.0,1.0,0.0,0.0,1.0,0.0,0.25,1.0,1.0,0.25,1.0,1.0,0.0,0.25,0.0,0.0,0.25,0.0
swellow,0.125,0.625,0.125,0.25,0.75,0.0,0.5,0.875,0.875,0.625,0.875,0.875,0.5,0.625,0.75,0.5,0.625,0.375
swinub,0.25,0.5,0.0,0.375,0.75,0.0,0.5,1.0,1.0,0.875,0.75,1.0,0.625,0.625,0.75,0.625,0.625,0.125
swirlix,0.25,0.25,0.0,0.25,0.25,0.0,0.25,0.5,0.0,0.25,0.5,0.25,0.25,0.25,0.25,0.25,0.25,0.25
sylveon,0.0,1.0,0.0,0.0,1.0,0.0,1.0,1.0,1.0,1.0,1.0,1.0,0.3333333333333333,0.6666666666666666,0.3333333333333333,0.3333333333333333,1.0,0.0
tadbulb,0.0,1.0,0.0,0.0,1.0,0.0,0.0,1.0,0.0,0.0,1.0,0.0,0.0,0.0,0.0,0.0,0.0,0.0
talonflame,0.0,0.5,0.0,0.0,0.75,0.0,0.5,1.0,1.0,0.25,1.0,1.0,0.25,0.75,0.25,0.25,0.5,0.0
tandemaus,0.0,0.0,0.0,0.0,0.0,0.0,0.0,1.0,0.0,0.0,1.0,0.0,0.0,1.0,0.0,0.0,1.0,0.0
tangela,0.0,0.5,0.0,0.0,0.75,0.0,0.625,0.875,0.75,0.375,0.875,0.75,0.75,0.75,0.75,0.75,0.75,0.125
tangrowth,0.75,0.875,0.75,0.75,0.875,0.5,1.0,1.0,1.0,1.0,1.0,1.0,0.875,1.0,0.75,0.875,1.0,0.75
tapu-bulu,0.3333333333333333,0.6666666666666666,0.0,0.6666666666666666,1.0,0.0,1.0,1.0,1.0,1.0,1.0,1.0,0.6666666666666666,0.6666666666666666,0.6666666666666666,0.6666666666666666,0.6666666666666666,0.0
tapu-fini,0.3333333333333333,1.0,0.0,0.0,1.0,0.0,0.6666666666666666,1.0,1.0,0.6666666666666666,1.0,1.0,0.0,0.6666666666666666,0.3333333333333333,0.0,0.6666666666666666,0.0
tapu-koko,0.0,0.0,0.0,0.0,0.0,0.0,0.6666666666666666,0.6666666666666666,0.6666666666666666,0.6666666666666666,0.6666666666666666,0.6666666666666666,0.0,0.0,0.0,0.0,0.0,0.0
tapu-lele,0.3333333333333333,1.0,0.0,0.0,1.0,0.0,0.3333333333333333,1.0,1.0,0.6666666666666666,1.0,1.0,0.3333333333333333,1.0,0.6666666666666666,0.3333333333333333,1.0,0.0
tarountula,0.0,0.0,0.0,0.0,0.0,0.0,0.0,1.0,1.0,0.0,0.0,1.0,0.0,0.0,0.0,0.0,0.0,0.0
tatsugiri-curly,0.0,0.0,0.0,0.0,0.0,0.0,0.0,0.0,0.0,0.0,0.0,0.0,0.0,0.0,0.0,0.0,0.0,0.0
tauros,0.125,0.375,0.125,0.25,0.375,0.125,0.75,1.0,1.0,0.5,1.0,1.0,0.5,0.625,0.0,0.5,0.625,0.0
teddiursa,0.125,0.5,0.25,0.125,0.875,0.25,0.625,1.0,0.875,0.5,1.0,0.875,0.25,0.625,0.375,0.25,0.625,0.125
tentacool,0.25,0.5,0.125,0.375,0.625,0.0,0.25,1.0,0.625,0.25,1.0,0.625,0.25,0.625,0.25,0.25,0.5,0.0
tentacruel,0.0,0.5,0.0,0.25,0.375,0.125,0.5,0.875,0.875,0.375,0.875,0.875,0.375,0.375,0.625,0.375,0.625,0.125
tepig,0.25,0.75,0.0,0.5,0.75,0.0,0.5,1.0,0.75,0.25,0.75,0.75,0.0,0.5,0.5,0.0,0.5,0.0
terrakion,0.25,0.25,0.0,0.25,0.75,0.0,0.25,1.0,1.0,0.25,1.0,1.0,0.5,0.0,0.25,0.5,0.25,0.0
thievul,0.0,0.0,0.0,0.0,0.6666666666666666,0.0,1.0,1.0,1.0,0.3333333333333333,1.0,1.0,0.0,0.0,0.0,0.0,0.0,0.0
throh,0.25,1.0,0.0,0.25,0.75,0.0,0.75,1.0,1.0,0.75,1.0,1.0,0.5,0.75,0.25,0.5,0.75,0.0
thundurus-incarnate,0.25,0.75,0.0,0.5,1.0,0.0,0.0,0.75,0.0,0.0,0.75,0.5,0.5,0.5,0.0,0.5,0.5,0.0
thwackey,0.0,0.0,0.0,0.0,0.0,0.0,0.0,0.3333333333333333,0.0,0.0,0.3333333333333333,0.0,0.0,0.0,0.0,0.0,0.0,0.0
timburr,0.25,0.75,0.0,0.5,1.0,0.0,0.25,1.0,0.75,0.25,1.0,0.75,0.5,0.75,0.25,0.5,0.75,0.0
tinkaton,0.0,1.0,0.0,0.0,0.0,0.0,1.0,1.0,1.0,1.0,1.0,1.0,0.0,0.0,0.0,0.0,0.0,0.0
tinkatuff,0.0,0.0,0.0,0.0,0.0,0.0,1.0,1.0,1.0,1.0,1.0,1.0,0.0,0.0,0.0,0.0,0.0,0.0
tirtouga,0.0,0.75,0.0,0.5,0.75,0.0,0.75,0.75,0.5,0.5,1.0,0.5,0.5,0.5,0.75,0.5,0.75,0.0
toedscool,0.0,0.0,0.0,0.0,0.0,0.0,1.0,0.0,1.0,0.0,0.0,0.0,0.0,0.0,0.0,0.0,0.0,0.0
togekiss,0.8333333333333334,1.0,0.16666666666666666,0.8333333333333334,1.0,0.16666666666666666,0.5,1.0,1.0,0.3333333333333333,1.0,1.0,0.5,1.0,1.0,0.5,1.0,0.8333333333333334
togepi,1.0,1.0,0.0,1.0,1.0,0.0,0.375,1.0,0.875,0.25,0.875,0.875,0.25,0.625,0.5,0.25,0.625,0.0
torchic,0.5,0.75,0.75,0.375,0.75,0.75,0.5,0.5,0.5,0.75,0.625,0.5,0.25,0.5,0.375,0.25,0.5,0.25
tornadus-incarnate,0.25,1.0,0.0,0.25,1.0,0.0,0.5,1.0,1.0,0.5,1.0,1.0,0.25,0.75,0.0,0.25,0.75,0.0
torracat,0.0,0.6666666666666666,0.0,0.0,1.0,0.0,0.6666666666666666,1.0,1.0,0.6666666666666666,1.0,1.0,0.0,0.6666666666666666,0.0,0.0,0.6666666666666666,0.0
torterra,0.6666666666666666,0.6666666666666666,0.5,0.6666666666666666,0.8333333333333334,0.3333333333333333,0.8333333333333334,0.6666666666666666,0.5,0.5,0.5,0.5,0.3333333333333333,0.3333333333333333,0.3333333333333333,0.3333333333333333,0.5,0.0
toucannon,0.0,0.3333333333333333,0.0,0.6666666666666666,0.6666666666666666,0.0,0.0,1.0,1.0,0.0,1.0,1.0,0.0,0.6666666666666666,0.6666666666666666,0.0,1.0,0.0
toxapex,0.0,0.3333333333333333,0.0,0.0,0.3333333333333333,0.0,0.6666666666666666,0.6666666666666666,0.6666666666666666,0.3333333333333333,0.6666666666666666,0.6666666666666666,0.3333333333333333,0.3333333333333333,0.0,0.3333333333333333,0.3333333333333333,0.0
toxel,0.0,0.6666666666666666,0.0,0.0,0.6666666666666666,0.0,0.0,1.0,0.6666666666666666,0.0,1.0,0.6666666666666666,0.3333333333333333,0.6666666666666666,1.0,0.3333333333333333,0.6666666666666666,0.0
toxtricity-amped,0.0,1.0,0.0,0.0,1.0,0.0,1.0,1.0,1.0,1.0,1.0,1.0,1.0,1.0,0.0,1.0,1.0,0.0
tranquill,0.5,0.5,0.0,0.75,0.75,0.0,0.75,0.75,0.75,0.75,0.75,0.75,0.5,0.5,0.5,0.5,0.5,0.0
treecko,0.5,0.5,0.0,0.375,0.5,0.0,0.25,0.875,0.75,0.5,0.875,0.875,0.375,0.5,0.375,0.375,0.5,0.0
trevenant,0.0,0.3333333333333333,0.0,0.0,0.0,0.0,0.6666666666666666,0.6666666666666666,0.6666666666666666,0.6666666666666666,0.6666666666666666,0.6666666666666666,0.0,0.0,0.0,0.0,0.3333333333333333,0.0
tropius,0.375,0.5,0.125,0.375,0.5,0.0,0.75,0.875,1.0,0.5,0.875,1.0,0.125,0.5,0.375,0.125,0.5,0.125
tsareena,0.0,1.0,0.0,0.0,1.0,0.0,1.0,1.0,1.0,1.0,1.0,1.0,0.3333333333333333,0.3333333333333333,0.0,0.3333333333333333,0.3333333333333333,0.0
turtonator,0.0,0.3333333333333333,0.0,0.3333333333333333,0.6666666666666666,0.0,0.3333333333333333,0.6666666666666666,0.6666666666666666,0.3333333333333333,0.6666666666666666,0.6666666666666666,0.3333333333333333,0.3333333333333333,0.0,0.3333333333333333,0.6666666666666666,0.0
turtwig,0.6666666666666666,0.8333333333333334,0.0,0.5,1.0,0.0,0.8333333333333334,1.0,1.0,0.8333333333333334,1.0,1.0,0.8333333333333334,1.0,0.5,0.8333333333333334,1.0,0.0
tympole,0.75,0.75,0.0,0.75,0.75,0.0,0.25,0.75,0.5,0.25,0.75,0.75,0.5,0.75,1.0,0.5,0.75,0.75
tynamo,0.5,0.5,0.0,0.5,0.75,0.0,0.75,0.75,0.75,0.75,0.75,0.75,0.5,0.75,0.75,0.5,0.75,0.25
type-null,0.0,0.0,0.0,0.0,0.0,0.0,0.6666666666666666,0.6666666666666666,0.6666666666666666,0.6666666666666666,0.6666666666666666,0.6666666666666666,0.3333333333333333,0.0,0.0,0.3333333333333333,0.3333333333333333,0.0
tyranitar,0.625,0.75,0.375,0.25,0.75,0.0,0.5,1.0,0.875,0.375,1.0,0.875,0.25,0.875,0.5,0.375,0.75,0.0
tyrantrum,0.75,0.5,0.0,0.25,0.75,0.0,0.25,0.25,0.25,0.25,0.25,0.25,0.25,0.25,0.25,0.25,0.25,0.0
tyrogue,0.125,0.75,0.125,0.25,0.875,0.0,0.5,0.625,0.875,0.5,0.625,0.875,0.5,0.5,0.125,0.5,0.625,0.0
tyrunt,0.3333333333333333,0.3333333333333333,0.0,0.3333333333333333,0.3333333333333333,0.0,0.6666666666666666,1.0,1.0,0.6666666666666666,1.0,1.0,0.3333333333333333,0.3333333333333333,0.3333333333333333,0.3333333333333333,0.3333333333333333,0.0
umbreon,0.75,0.875,0.0,0.75,0.875,0.0,0.5,0.875,0.875,0.5,0.875,0.875,0.75,0.75,0.75,0.75,0.875,0.0
unown,0.75,0.875,0.0,0.625,0.875,0.0,0.875,0.875,1.0,0.875,1.0,1.0,0.875,0.875,0.875,0.875,0.875,0.625
ursaluna,0.0,0.0,0.0,0.0,1.0,0.0,0.0,1.0,0.0,0.0,1.0,0.0,0.0,0.0,0.0,0.0,0.0,0.0
urshifu-single-strike,0.6666666666666666,1.0,0.0,0.6666666666666666,0.6666666666666666,0.0,1.0,1.0,1.0,1.0,1.0,1.0,0.6666666666666666,0.6666666666666666,0.6666666666666666,0.6666666666666666,1.0,0.0
uxie,0.5,0.5,0.0,0.5,0.8333333333333334,0.0,0.3333333333333333,0.6666666666666666,0.6666666666666666,0.6666666666666666,0.6666666666666666,0.6666666666666666,0.3333333333333333,0.5,0.5,0.3333333333333333,0.5,0.0
vanillish,0.75,1.0,0.0,0.75,1.0,0.0,0.75,1.0,1.0,0.75,1.0,1.0,1.0,1.0,1.0,0.75,1.0,0.0
vanilluxe,0.5,0.5,0.0,0.5,0.5,0.0,0.75,0.75,0.75,0.75,0.75,0.75,0.25,0.75,0.5,0.25,0.25,0.0
vaporeon,0.25,0.5,0.0,0.125,0.375,0.0,0.375,0.75,0.625,0.375,0.75,0.625,0.25,0.375,0.0,0.25,0.375,0.0
varoom,0.0,0.0,0.0,0.0,0.0,0.0,0.0,1.0,0.0,0.0,1.0,0.0,0.0,0.0,0.0,0.0,0.0,0.0
veluza,0.0,0.0,0.0,0.0,0.0,0.0,0.0,1.0,0.0,0.0,1.0,0.0,0.0,0.0,0.0,0.0,0.0,0.0
venomoth,0.25,0.75,0.25,0.375,0.75,0.25,0.625,0.75,0.625,0.625,0.75,0.625,0.5,0.5,0.625,0.5,0.5,0.0
venonat,0.375,0.75,0.0,0.375,0.625,0.0,0.5,0.75,0.625,0.5,0.75,0.625,0.625,0.75,0.5,0.625,0.75,0.0
venusaur,0.125,0.5,0.0,0.0,0.625,0.0,0.5,1.0,1.0,0.625,1.0,1.0,0.25,0.625,0.25,0.25,1.0,0.125
vespiquen,0.3333333333333333,0.8333333333333334,0.16666666666666666,0.5,0.6666666666666666,0.0,1.0,0.8333333333333334,1.0,1.0,1.0,1.0,0.6666666666666666,0.6666666666666666,0.8333333333333334,0.6666666666666666,0.8333333333333334,0.0
victini,0.75,0.75,0.0,0.75,0.75,0.0,0.5,1.0,1.0,1.0,1.0,1.0,0.25,0.75,0.25,0.25,0.75,0.0
vigoroth,0.375,0.625,0.0,0.375,0.625,0.0,0.625,0.75,1.0,0.625,1.0,1.0,0.625,0.625,0.5,0.625,0.625,0.0
vikavolt,0.3333333333333333,0.3333333333333333,0.0,0.3333333333333333,0.3333333333333333,0.0,1.0,1.0,1.0,1.0,1.0,1.0,0.0,0.3333333333333333,0.3333333333333333,0.0,0.3333333333333333,0.0
vivillon,0.3333333333333333,1.0,0.0,0.3333333333333333,1.0,0.0,1.0,1.0,1.0,1.0,1.0,1.0,0.0,1.0,0.0,0.0,1.0,0.0
volcanion,0.0,0.3333333333333333,0.0,0.0,0.3333333333333333,0.0,0.3333333333333333,0.3333333333333333,0.3333333333333333,0.3333333333333333,0.3333333333333333,0.3333333333333333,0.0,0.3333333333333333,0.0,0.0,0.3333333333333333,0.0
volcarona,0.25,0.75,0.0,0.25,0.75,0.0,1.0,1.0,1.0,1.0,1.0,1.0,0.75,0.75,1.0,0.75,1.0,0.0
vullaby,0.75,0.25,0.0,0.25,1.0,0.0,0.5,1.0,1.0,0.0,1.0,1.0,0.0,0.25,0.0,0.0,0.25,0.0
vulpix,0.125,0.5,0.25,0.0,0.5,0.0,0.5,1.0,0.75,0.375,0.75,0.75,0.375,0.75,0.125,0.25,0.875,0.0
wailmer,0.5,0.875,0.25,0.375,1.0,0.0,0.625,1.0,1.0,0.625,1.0,1.0,0.625,0.75,0.875,0.75,0.875,0.25
walrein,0.5,1.0,0.5,0.5,0.875,0.25,0.75,1.0,1.0,0.75,1.0,1.0,0.5,0.875,0.5,0.5,0.875,0.375
wartortle,0.0,0.25,0.125,0.125,0.375,0.0,0.625,0.625,0.75,0.25,0.625,0.75,0.375,0.375,0.375,0.375,0.375,0.0
watchog,0.25,0.75,0.0,0.5,0.75,0.0,0.75,1.0,0.75,0.75,1.0,0.75,0.25,0.5,0.75,0.25,0.75,0.0
wattrel,0.0,0.0,0.0,0.0,0.0,0.0,0.0,1.0,0.0,0.0,1.0,0.0,0.0,1.0,0.0,0.0,0.0,0.0
weedle,0.0,0.5,0.0,0.0,0.625,0.0,0.5,1.0,0.875,0.375,1.0,0.875,0.25,0.75,0.25,0.25,0.875,0.0
whimsicott,0.0,0.5,0.0,0.0,0.75,0.0,0.25,0.25,0.25,0.25,0.25,0.25,0.25,0.25,0.25,0.25,0.25,0.0
whirlipede,0.75,0.75,0.0,0.75,1.0,0.0,0.75,1.0,1.0,0.25,1.0,1.0,0.0,0.5,0.0,0.0,0.5,0.0
whiscash,0.5,1.0,0.0,0.125,1.0,0.0,0.875,1.0,1.0,0.875,1.0,1.0,0.75,0.75,0.875,0.75,0.875,0.625
whismur,0.5,0.75,0.25,0.625,1.0,0.25,0.75,0.75,0.75,0.75,0.75,0.75,0.625,0.625,0.5,0.625,0.625,0.25
wigglytuff,0.125,0.25,0.125,0.125,0.25,0.0,0.625,1.0,1.0,0.5,1.0,1.0,0.125,0.5,0.0,0.125,0.625,0.0
wiglett,0.0,0.0,0.0,0.0,0.0,0.0,0.0,1.0,1.0,0.0,1.0,1.0,0.0,0.0,0.0,0.0,0.0,0.0
wimpod,0.0,0.3333333333333333,0.0,0.0,0.6666666666666666,0.0,0.3333333333333333,0.3333333333333333,0.3333333333333333,0.3333333333333333,0.3333333333333333,0.3333333333333333,0.3333333333333333,0.3333333333333333,0.3333333333333333,0.3333333333333333,0.3333333333333333,0.0
wishiwashi-solo,1.0,1.0,0.0,1.0,1.0,0.0,0.3333333333333333,1.0,1.0,0.6666666666666666,1.0,1.0,0.6666666666666666,1.0,1.0,0.6666666666666666,1.0,0.0
wobbuffet,0.125,0.5,0.0,0.25,0.5,0.0,0.375,0.5,0.5,0.375,0.5,0.5,0.375,0.375,0.375,0.375,0.5,0.0
woobat,0.0,0.5,0.0,0.25,0.5,0.0,1.0,1.0,1.0,0.75,1.0,1.0,0.5,0.75,0.5,0.5,0.75,0.0
wooloo,0.3333333333333333,0.3333333333333333,0.0,0.3333333333333333,0.3333333333333333,0.0,0.3333333333333333,0.6666666666666666,0.3333333333333333,0.3333333333333333,0.3333333333333333,0.3333333333333333,0.0,0.3333333333333333,0.3333333333333333,0.0,0.3333333333333333,0.0
wooper,0.5,1.0,0.125,0.5,1.0,0.0,0.5,1.0,1.0,0.5,1.0,1.0,0.875,0.75,0.125,0.875,0.625,0.0
wormadam-plant,0.3333333333333333,0.6666666666666666,0.0,0.3333333333333333,0.6666666666666666,0.0,1.0,0.6666666666666666,1.0,1.0,1.0,1.0,0.5,0.6666666666666666,1.0,0.5,0.6666666666666666,0.5
wurmple,0.625,0.875,0.0,0.375,0.875,0.0,0.625,1.0,1.0,0.75,1.0,1.0,0.75,0.875,0.375,0.5,0.625,0.125
wynaut,0.375,0.625,0.0,0.375,0.625,0.0,0.625,0.75,0.75,0.625,0.75,0.75,0.5,0.625,0.5,0.5,0.625,0.0
xatu,0.375,0.75,0.0,0.375,1.0,0.0,0.625,0.75,0.75,0.5,0.75,0.75,0.5,0.75,0.375,0.5,0.75,0.125
xerneas,0.0,0.0,0.0,0.0,0.6666666666666666,0.0,1.0,1.0,1.0,1.0,1.0,1.0,0.3333333333333333,0.3333333333333333,0.3333333333333333,0.3333333333333333,0.3333333333333333,0.0
yamask,0.25,0.5,0.0,0.25,0.25,0.0,0.75,0.75,1.0,0.75,1.0,0.75,0.25,0.5,0.5,0.25,0.75,0.25
yamper,0.6666666666666666,1.0,0.0,0.3333333333333333,1.0,0.0,0.6666666666666666,1.0,1.0,0.6666666666666666,1.0,1.0,0.6666666666666666,1.0,0.3333333333333333,0.6666666666666666,1.0,0.0
yungoos,0.3333333333333333,0.6666666666666666,0.0,0.3333333333333333,0.6666666666666666,0.0,0.6666666666666666,0.6666666666666666,0.6666666666666666,0.6666666666666666,0.6666666666666666,0.6666666666666666,0.6666666666666666,0.6666666666666666,1.0,0.6666666666666666,0.6666666666666666,0.0
yveltal,0.0,0.3333333333333333,0.0,0.0,0.6666666666666666,0.0,0.6666666666666666,0.6666666666666666,0.6666666666666666,0.6666666666666666,0.6666666666666666,0.6666666666666666,0.0,0.0,0.0,0.0,0.0,0.0
zacian,0.0,0.6666666666666666,0.0,0.0,0.6666666666666666,0.0,0.6666666666666666,1.0,1.0,0.6666666666666666,1.0,1.0,0.6666666666666666,0.6666666666666666,0.6666666666666666,0.6666666666666666,0.6666666666666666,0.0
zamazenta,0.6666666666666666,0.6666666666666666,0.0,0.3333333333333333,0.6666666666666666,0.0,1.0,1.0,1.0,1.0,1.0,1.0,0.6666666666666666,0.6666666666666666,0.0,0.6666666666666666,0.6666666666666666,0.0
zangoose,0.25,0.875,0.125,0.375,0.875,0.125,0.75,1.0,1.0,0.75,1.0,1.0,0.5,0.75,0.625,0.5,0.75,0.125
zapdos,0.0,0.375,0.125,0.0,0.25,0.125,0.375,0.875,0.75,0.375,0.875,0.75,0.125,0.75,0.5,0.125,1.0,0.375
zarude,0.6666666666666666,0.6666666666666666,0.0,0.3333333333333333,0.6666666666666666,0.0,0.0,0.6666666666666666,0.6666666666666666,0.0,0.6666666666666666,0.6666666666666666,0.6666666666666666,0.6666666666666666,0.0,0.6666666666666666,0.6666666666666666,0.0
zebstrika,0.5,0.5,0.0,0.5,0.5,0.0,0.25,1.0,1.0,0.25,1.0,1.0,0.5,0.75,0.75,0.5,0.75,0.25
zekrom,0.5,0.75,0.25,0.5,1.0,0.0,1.0,1.0,1.0,1.0,1.0,1.0,0.5,0.5,0.5,0.5,0.5,0.0
zeraora,0.3333333333333333,0.3333333333333333,0.0,0.0,0.3333333333333333,0.0,0.6666666666666666,1.0,1.0,0.6666666666666666,1.0,1.0,0.3333333333333333,0.3333333333333333,0.0,0.3333333333333333,0.6666666666666666,0.0
zigzagoon,0.375,0.625,0.0,0.25,0.625,0.0,0.375,0.875,0.5,0.25,0.875,0.625,0.25,0.5,0.5,0.25,0.625,0.375
zoroark,0.25,0.75,0.0,0.25,1.0,0.0,1.0,1.0,1.0,1.0,1.0,1.0,0.25,0.5,0.25,0.25,0.5,0.0
zubat,0.25,0.375,0.0,0.25,0.625,0.0,0.375,0.875,0.875,0.375,0.875,0.875,0.25,0.625,0.625,0.25,0.75,0.0
zweilous,0.0,0.75,0.0,0.0,0.5,0.0,1.0,0.75,1.0,1.0,0.75,1.0,0.5,0.5,0.5,0.5,0.5,0.0
